ch_sim,slug
保障·锡斯特双枪,secura_dual_cestra
匍匐靶心,creeping_bullseye
异融 alad v 刺杀 （钥匙）,mutalist_alad_v_assassinate_key
辐射缴械,irradiating_disarm
反物质吸收,antimatter_absorb
赋能·壁垒,arcane_barrier
赋能·冰冷,arcane_ice
终极·螺钉步枪,telos_boltor
frost prime 一套,frost_prime_set
触媒连动,catalyzer_link
定位辅助,targeting_subsystem
斯特朗·亡魂 枪机,strun_wraith_receiver
构造裂缝,tectonic_fracture
mantis 一套,mantis_set
酸性弹药,acid_shells
夜巡燃烧弹,nightwatch_napalm
类星钻体,quasar_drill
彗星爆发,comet_blast
星云钻孔,nebula_bore
死亡使徒 刀刃,kaszas_blade
极速电磁步枪 枪机,velocitus_receiver
巨浪 枪管,fluctus_barrel
巨浪 弓臂,fluctus_limbs
巨浪 枪托,fluctus_stock
什长双枪 枪管,decurion_barrel
hydroid prime 一套,hydroid_prime_set
净化奥罗金,cleanse_corrupted
kappa 信标,kappa_beacon
星形绯红石,star_crimzian
正直·打击,virtuos_strike
猎人 肾上腺素,hunter_adrenaline
蝰蛇·亡魂,viper_wraith
奥罗金荒废广场场景,orokin_derelict_plaza_scene
grineer 造船厂场景,grineer_shipyards_manufactory_scene
感染舰桥场景,infested_ship_bridge_scene
月球苗圃场景,lua_nursery_scene
corpus 集气城市管道场景,corpus_gas_city_conduit_scene
grineer 驻扎地反应炉场景,grineer_settlement_reactor_scene
corpus 冰封星球残骸场景,corpus_ice_planet_wreckage_scene
夜灵 madurai 晶体,eidolon_madurai_lens
夜灵 vazarin 晶体,eidolon_vazarin_lens
夜灵 unairu 晶体,eidolon_unairu_lens
zephyr prime 机体 蓝图,zephyr_prime_chassis_blueprint
mycona 殖民地场景,mycona_colony_scene
和平·高飞,pax_soar
救赎者 prime 刀刃,redeemer_prime_blade
觉醒双枪 prime 枪机,akjagara_prime_receiver
组合枪裂罅 mod （尚未揭开）,kitgun_riven_mod_(veiled)
光谱虹吸,spectrosiphon
恶狼战锤锤头,wolf_sledge_head
恶狼战锤 一套,wolf_sledge_set
奥布山谷场景,orb_vallis_scene
诸葛连弩 prime 弓身,zhuge_prime_grip
寒冰之力,freeze_force
旋风虎击,swirling_tiger
随机应变,quick_thinking
蛟龙 prime 蓝图,wyrm_prime_blueprint
簧压刀刃,spring_loaded_blade
动力转移,kinetic_diversion
奋力一掷,power_throw
宿命真理,fateful_truth
致命火力,malignant_force
卓越防御,superior_defenses
能量转化,energy_inversion
破碎正义,shattering_justice
爆发装填,fast_hands
极地弹仓,polar_magazine
步枪增幅,rifle_amp
残余,spare_parts
有去无回,no_return
汽化,vaporize
恶性扩散,vicious_spread
敌人感应,enemy_sense
盲怒,blind_rage
步枪弹药转换,rifle_ammo_mutation
凯旋将军·破坏者 枪管,imperator_vandal_barrel
欧特鲁斯 prime 刀刃,orthos_prime_blade
loki prime 系统 蓝图,loki_prime_systems_blueprint
naramon 晶体,naramon_lens
协力窜升,coaction_drift
通晓霰弹枪,shotgun_savvy
爆裂刀刃,volcanic_edge
陨蜓 prime 外甲 蓝图,odonata_prime_harness_blueprint
回气再起,secondary_wind
陨蜓 prime 系统 蓝图,odonata_prime_systems_blueprint
致命一击,point_strike
上升打击,soaring_strike
强力猛击,pummel
极速电磁步枪 枪托,velocitus_stock
拉斯波恩 握柄,rathbone_handle
拉斯波恩 锤头,rathbone_head
拉特昂·亡魂 枪管,latron_wraith_barrel
火焰装填,heated_charge
系统重划,system_reroute
蛇发女妖·亡魂 枪机,gorgon_wraith_receiver
精算射击,calculated_shot
活力,vigor
飞扬 prime 镖袋,hikou_prime_pouch
收割者 prime 蓝图,reaper_prime_blueprint
震击 秘奥头盔,arcane_thrak_helmet
抵近射击 prime,primed_point_blank
三幂之力,power_of_three
rhino prime 头部神经光元 蓝图,rhino_prime_neuroptics_blueprint
缴械纯净,disarming_purity
蛇发女妖·亡魂 枪托,gorgon_wraith_stock
布里斯提卡 prime 弓弦,ballistica_prime_string
双蛇牙突,crossing_snakes
返老还童,rejuvenation
挖掘,dig
粉碎器,shredder
无尽苦难,continuous_misery
瓦斯托 prime 一套,vasto_prime_set
阿瓦隆 秘奥头盔,arcane_avalon_helmet
铝热焊弹,thermite_rounds
通量 秘奥头盔,arcane_flux_helmet
终极·螺钉双枪,telos_akbolto
预言 秘奥头盔,arcane_aura_helmet
圣洁·雷爆信镖,sancti_castanas
裂缝打击,rift_strike
火神闪击,vulcan_blitz
策略 秘奥头盔,arcane_gambit_helmet
氯毒 秘奥头盔,arcane_chlora_helmet
机敏 秘奥头盔,arcane_esprit_helmet
赋能·诡计,arcane_trickery
oberon prime 头部神经光元 蓝图,oberon_prime_neuroptics_blueprint
volt prime 头部神经光元 蓝图,volt_prime_neuroptics_blueprint
凤凰 秘奥头盔,arcane_phoenix_helmet
布里斯提卡 prime 下弓臂,ballistica_prime_lower_limb
volt prime 机体 蓝图,volt_prime_chassis_blueprint
女侯爵翠萤石,marquise_veridos
返响 秘奥头盔,arcane_reverb_helmet
爆炸戏法,explosive_legerdemain
毁灭奥罗金,smite_corrupted
铁杉 秘奥头盔,arcane_hemlock_helmet
汲能榨取,vampire_leech
诸葛连弩 prime 蓝图,zhuge_prime_blueprint
降灵追猎者 prime 链条,ninkondi_prime_chain
诸葛连弩 prime 枪机,zhuge_prime_receiver
诸葛连弩 prime 一套,zhuge_prime_set
wukong prime 头部神经光元 蓝图,wukong_prime_neuroptics_blueprint
毁灭扩展,ruinous_extension
野蛮压制,savagery
手枪精通,pistol_gambit
毁坏微光,gleaming_blight
ember prime 头部神经光元 蓝图,ember_prime_neuroptics_blueprint
恒久折磨,lingering_torment
重锤射击,hammer_shot
霰弹枪弹药转换 prime,primed_shotgun_ammo_mutation
赋能·迅速,arcane_velocity
nyx prime 蓝图,nyx_prime_blueprint
德拉·破坏者 枪托,dera_vandal_stock
卡拉克·亡魂 蓝图,karak_wraith_blueprint
nyx prime 系统 蓝图,nyx_prime_systems_blueprint
摆荡钩索,swing_line
双短柄战镰 prime 一套,dual_kamas_prime_set
精准爆发,measured_burst
护卫传送,safeguard_switch
棱晶 阴影,prisma_shade
集气城市大厅场景,gas_city_lobby_scene
过度延展,overextended
保护,protect
全蚀,total_eclipse
脉冲 秘奥头盔,arcane_pulse_helmet
私法 追踪,vigilante_pursuit
净化斩,purging_slash
mag 高斯 秘奥头盔,arcane_mag_gauss_helmet
远古融合核心,ancient_fusion_core
弗拉克斯·亡魂 右拳套,furax_wraith_right_gauntlet
螺钻打击,auger_strike
nyx prime 头部神经光元 蓝图,nyx_prime_neuroptics_blueprint
rhino prime 蓝图,rhino_prime_blueprint
稳定枪手,steady_hands
猛虎 prime 枪机,tigris_prime_receiver
能量转换,energy_conversion
赋能·抗毒,arcane_resistance
致命洪流,lethal_torrent
战争之剑 刀片,war_blade
弱点侦测,detect_vulnerability
元素沙暴,elemental_sandstorm
钢铁纤维,steel_fiber
扩充弹匣,magazine_extension
内置炸药,concealed_explosives
破灭 prime,primed_ravage
耗竭装填,depleted_reload
赫利俄斯 prime 外壳,helios_prime_carapace
蛟龙 prime 系统,wyrm_prime_systems
trinity prime 头部神经光元 蓝图,trinity_prime_neuroptics_blueprint
精神狂怒,mind_freak
狼牙 prime 握柄,fang_prime_handle
简化,streamline
隔热,insulation
增压弹匣,pressurized_magazine
伏击光子,ambush_optics
nyx prime 机体 蓝图,nyx_prime_chassis_blueprint
电容,capacitance
压缩弹药,shell_compression
loki prime 机体 蓝图,loki_prime_chassis_blueprint
枪膛,bore
信号闪光,signal_flare
电光冲刺,lightning_dash
mag prime 机体 蓝图,mag_prime_chassis_blueprint
狙击特昂·破坏者 一套,snipetron_vandal_set
机动冲撞,battering_maneuver
穿刺步伐,piercing_step
狂热火球,fireball_frenzy
永恒纯净,lasting_purity
能量虹吸,energy_siphon
隐密追踪,stalk
弹匣增幅,magazine_warp
渗透,infiltrate
毒蛇螺旋,coiling_viper
压迫点 prime,primed_pressure_point
寒流来袭,cold_snap
地狱弹膛,hells_chamber
积存毁坏,stockpiled_blight
海波斯库拉对剑 prime 握柄,nami_skyla_prime_handle
破碎之风,fracturing_wind
猛烈爆发,fulmination
弹鼓,ammo_drum
至尊浪人,sovereign_outcast
角斗士 威猛,gladiator_might
震地冲击,heavy_impact
雷火,thunderbolt
生命之池,pool_of_life
熵数爆发,entropy_burst
致命诱惑,fatal_attraction
震撼冲拳,seismic_palm
压迫点,pressure_point
弹药改良,modified_munitions
天赋,natural_talent
箭型弹头,flechette
飞光荒疫,shimmering_blight
正义刀锋,justice_blades
败兴虐杀,buzz_kill
食人鱼 prime 蓝图,pyrana_prime_blueprint
食人鱼 prime 枪机,pyrana_prime_receiver
食人鱼 prime 枪管,pyrana_prime_barrel
技巧之剑 prime 一套,destreza_prime_set
驱逐 grineer prime,primed_expel_grineer
驱逐 corpus prime,primed_expel_corpus
驱逐 infested prime,primed_expel_infested
驱逐奥罗金 prime,primed_expel_corrupted
震动之拳,quaking_hand
火焰腺体,flame_gland
分裂之刃,dividing_blades
光滑翡斯敏石,smooth_phasmin
赋能·生机,arcane_pulse
骤然正义,sudden_justice
急进猛突,blood_rush
破片射击,shrapnel_shot
冷却液外泄,coolant_leak
火绫复苏,ward_recovery
火焰装填 prime,primed_heated_charge
中子星爆,neutron_star
头颅射击,skull_shots
loki prime 头部神经光元 蓝图,loki_prime_neuroptics_blueprint
私法 热诚,vigilante_fervor
甲龙双拳 prime 刀刃,ankyros_prime_blade
甲龙双拳 prime 拳套,ankyros_prime_gauntlet
玻之武杖 prime 蓝图,bo_prime_blueprint
席瓦 & 神盾 prime 护手,silva_and_aegis_prime_guard
蚀骨寒霜,vicious_frost
锯刃,jagged_edge
护盾瓦解,shield_disruption
魔导·活力,magus_vigor
霰弹弹幕,shotgun_barrage
诈欺 秘奥头盔,arcane_swindle_helmet
角斗士 钳制,gladiator_vice
经络 秘奥头盔,arcane_meridian_helmet
传说核心,legendary_fusion_core
猛虎 prime 枪托,tigris_prime_stock
旋压刺针,spinning_needle
狙击特昂·破坏者 枪托,snipetron_vandal_stock
野火,wildfire
灭亡 grineer,bane_of_grineer
scimitar 飞航系统 蓝图,scimitar_avionics_blueprint
反射防御,reflex_guard
永恒之护,everlasting_ward
ash prime 头部神经光元 蓝图,ash_prime_neuroptics_blueprint
电流震击,jolt
守望者 prime 枪托,vectis_prime_stock
慑人神速,stunning_speed
持久力 prime,primed_continuity
玻之武杖 prime 握柄,bo_prime_handle
连续冲击,crash_course
再生分流,vital_systems_bypass
奇异点,singularity
杂技装甲,armored_acrobatics
致命动量,lethal_momentum
灭亡 infested prime,primed_bane_of_infested
灭亡 corpus prime,primed_bane_of_corpus
搬运者 prime 蓝图,carrier_prime_blueprint
狡狐诈面,vulpine_mask
灭亡 grineer prime,primed_bane_of_grineer
守望者 prime 枪管,vectis_prime_barrel
战术上膛,tactical_pump
灭神 秘奥头盔,arcane_menticide_helmet
极光 秘奥头盔,arcane_aurora_helmet
月神 prime 蓝图,soma_prime_blueprint
释放,unleashed
瓦斯托 prime 枪管,vasto_prime_barrel
合音 秘奥头盔,arcane_chorus_helmet
瓦斯托 prime 蓝图,vasto_prime_blueprint
飞逝熵数,entropy_flight
saryn prime 一套,saryn_prime_set
纵腾天际,poppin_vert
魔导·修复,magus_repair
魔导·干扰,magus_glitch
完美平衡,perfect_balance
菌株 吸收,strain_consume
zaw 裂罅 mod （尚未揭开）,zaw_riven_mod_(veiled)
恶狼战锤 蓝图,wolf_sledge_blueprint
魔导·超载,magus_overload
分子裂变,molecular_fission
恶狼战锤马达,wolf_sledge_motor
猛烈发狂,wild_frenzy
凝固汽油榴弹,napalm_grenades
提佩多 prime 握柄,tipedo_prime_handle
斯特拉迪瓦 prime 一套,stradavar_prime_set
equinox prime 蓝图,equinox_prime_blueprint
野马 prime 枪管,bronco_prime_barrel
战争之剑 握柄,war_hilt
nova prime 系统 蓝图,nova_prime_systems_blueprint
frost prime 蓝图,frost_prime_blueprint
野马 prime 蓝图,bronco_prime_blueprint
星界微光,astral_twilight
速射,snap_shot
伯斯顿 prime 枪机,burston_prime_receiver
狼牙 prime 刀刃,fang_prime_blade
vauban prime 头部神经光元 蓝图,vauban_prime_neuroptics_blueprint
飞扬 prime 星镖,hikou_prime_stars
入侵者,intruder
棱晶·安格斯壮,prisma_angstrum
菲德菈 枪托,phaedra_stock
灼痕焦点,scorch
熵数尖钉,entropy_spike
终焉风暴,eleventh_storm
nova prime 头部神经光元 蓝图,nova_prime_neuroptics_blueprint
反物质地雷,antimatter_mine
nova prime 机体 蓝图,nova_prime_chassis_blueprint
棱镜护卫,prism_guard
戏法增幅,trick_mag
nova prime 蓝图,nova_prime_blueprint
虚伪连结,deceptive_bond
frost prime 头部神经光元 蓝图,frost_prime_neuroptics_blueprint
飑风 秘奥头盔,arcane_squall_helmet
精算蓄能,calculated_redirection
充电弹头,charged_shell
净化 corpus,cleanse_corpus
炽燃钢铁,searing_steel
加速充能,accelerated_deflection
巨林冲击,clashing_forest
原始暴怒,primal_rage
天圣践踏,celestial_stomp
保障·潘塔,secura_penta
剃刀射击,razor_shot
缓动惊骇,creeping_terrify
trinity prime 蓝图,trinity_prime_blueprint
冷面狂怒,grim_fury
阿耶檀识 orta 塑像,ayatan_orta_sculpture
能量导引,energy_channel
神圣清算,hallowed_reckoning
痉挛,convulsion
赋能·狂怒,arcane_fury
极速复元,rapid_resilience
瘟疫手枪,pistol_pestilence
非晶变压器 prime,primed_morphic_transformer
虚弱动能,frail_momentum
病原弹头,pathogen_rounds
赋能·神盾,arcane_aegis
瞬间冲击,sudden_impact
赋能·结果,arcane_consequence
强化刀片,tempered_blade
毁灭 corpus,smite_corpus
赋能·充沛,arcane_energize
尖牙连射,fanged_fusillade
角斗士 决心,gladiator_resolve
幽灵,ghost
白霜弹头,rime_rounds
金工火神·亡魂,vulkar_wraith
阿耶檀识 piv 塑像,ayatan_piv_sculpture
不绝护甲,negation_swarm
雷筒,blunderbuss
席芭莉丝 prime 枪管,sybaris_prime_barrel
半人马 盾,centaur_aegis
中枢苏达强化mod,cephalon_suda_augment_mod
banshee prime 机体 蓝图,banshee_prime_chassis_blueprint
急冻控场,chilling_grasp
wukong prime 机体 蓝图,wukong_prime_chassis_blueprint
炽烈坚刃,blazing_steel
过热射击,fired_up
云暴山碎,shattering_storm
恐惧感知,sense_danger
刀锋弹舞,bullet_dance
双子蝰蛇·亡魂 蓝图,twin_vipers_wraith_blueprint
分裂膛室,split_chamber
北风,north_wind
霰弹枪弹药搜集者,shotgun_scavenger
枢议·咖玛腕甲枪,synoid_gammacor
赫利俄斯 prime 一套,helios_prime_set
绯红·布里斯提卡,rakta_ballistica
hydroid prime 头部神经光元 蓝图,hydroid_prime_neuroptics_blueprint
贪婪吸引,greedy_pull
席瓦 & 神盾 prime 一套,silva_and_aegis_prime_set
守护光罩,sanctuary
系绳榴弹,tether_grenades
飞行员,aviator
猎鹰俯击,swooping_falcon
百折不挠,constitution
惩击洗礼,smite_infusion
喀婆萨 prime 库狛项圈 一套,kavasa_prime_kubrow_collar_set
拉特昂 prime 一套,latron_prime_set
雷克斯 prime 一套,lex_prime_set
陨蜓 prime 一套,odonata_prime_set
恒稳枪杆,gun_glide
盖霜跳马,rime_vault
战无不克,vanquished_prey
电流长矛,voltaic_lance
灵快节拍,deft_tempo
双重连击,double_tap
搏命反扑,final_act
最终一击,final_tap
液压枪膛,hydraulic_chamber
液压弹药,hydraulic_gauge
松弛枪盖,loose_hatch
狭窄枪膛,narrow_barrel
斯特朗·亡魂 枪管,strun_wraith_barrel
夜灵 zenurik 晶体,eidolon_zenurik_lens
技巧之剑 prime 握柄,destreza_prime_handle
耐久强化,enhanced_durability
切换增幅,holster_amp
赋能·速攻,arcane_strike
凶恶延伸,sinister_reach
守望者 prime 一套,vectis_prime_set
雕斩螳螂,carving_mantis
领袖 prime,primed_pack_leader
赋能·消磁,arcane_nullifier
rhino prime 一套,rhino_prime_set
暗杀者 prime 一套,sicarus_prime_set
精准火枪,grinloked
赋能·胜利,arcane_victory
紧凑步伐,hastened_steps
埋伏射击,lie_in_wait
螺钉步枪 prime 枪机,boltor_prime_receiver
螺钉步枪 prime 枪托,boltor_prime_stock
暗夜追迹者,night_stalker
枢议·赫利俄光锤,synoid_heliocor
鞘翅 系统,elytron_systems_blueprint
钢铁防线强化mod,steel_meridian_augment_mod
暗影收割,shadow_harvest
银白天灾,argent_scourge
猛虎 prime 枪管,tigris_prime_barrel
弹匣置换,eject_magazine
应急备案,plan_b
炙热黄蜂,burning_wasp
尖锐子弹,sharpened_bullets
撕裂弹头,ripper_rounds
月神 prime 枪机,soma_prime_receiver
收割螺旋,reaping_spiral
月神 prime 枪托,soma_prime_stock
锐利刀刃,sharpened_blade
滑行扫射,strafing_slide
scimitar 一套,scimitar_set
残盾转换,surplus_diverters
灾变连连,cataclysmic_continuum
布莱顿 prime 一套,braton_prime_set
残酷打击,relentless_assault
席瓦 & 神盾 prime 握柄,silva_and_aegis_prime_hilt
精准弹跳,calculated_spring
彗星弹头,comet_rounds
hydroid prime 机体 蓝图,hydroid_prime_chassis_blueprint
雷克斯双枪 prime 蓝图,aklex_prime_blueprint
雷克斯双枪 prime 一套,aklex_prime_set
布里斯提卡 prime 蓝图,ballistica_prime_blueprint
秋风落叶,tranquil_cleave
链接生命力,link_vitality
领袖,pack_leader
幸存生灵,soul_survivor
分子转化,molecular_conversion
重击者,thumper
冲刺,rush
污染弹匣,infected_clip
净化 infested,cleanse_infested
烈焰,blaze
吸取,vacuum
能量产生器,energy_generator
深红飓风,scarlet_hurricane
凶途恶径,vicious_approach
冰冻双颚,frost_jaw
电击项圈,shock_collar
收尾痛击,thrash_landing
跃动 冲击,motus_impact
空飞 俯瞰,aero_vantage
跃动 设局,motus_setup
狂风猛踢,gale_kick
跃动 信号,motus_signal
12 号甲板场景,deck_12_scene
降灵追猎者 prime 蓝图,ninkondi_prime_blueprint
诸葛连弩 prime 枪管,zhuge_prime_barrel
降灵追猎者 prime 握柄,ninkondi_prime_handle
降灵追猎者 prime 一套,ninkondi_prime_set
wukong prime 一套,wukong_prime_set
分裂斩斧 prime 握柄,scindo_prime_handle
极恶精准,vile_precision
视差瞄具,parallax_scope
生命力,vitality
狙击枪弹药搜集者,sniper_scavenger
猎杀型库狛 基因印记,sunika_kubrow_imprint
镜像型库娃 基因印记,adarza_kavat_imprint
绝路 prime 枪管,rubico_prime_barrel
暴风使者,stormbringer
赋能·爆发,arcane_eruption
黄蜂 秘奥头盔,arcane_vespa_helmet
脱离速度,escape_velocity
驱逐 infested,expel_infested
集气城市云霄场景,gas_city_cloud_vista_scene
燃烧弹头,combustion_rounds
狙击枪弹药转换,sniper_ammo_mutation
loki prime 蓝图,loki_prime_blueprint
穿透力,seeking_force
弱点专精,target_cracker
弹指瞬技,fleeting_expertise
关键延迟,critical_delay
激怒,provoked
腐坏打击,spoiled_strike
燃烧外壳,incendiary_coat
线圈 秘奥头盔,arcane_coil_helmet
预言 协约,augur_accord
破裂填装,breach_loader
双短柄战镰 prime 蓝图,dual_kamas_prime_blueprint
母神悲歌,gaias_tragedy
拉特昂 prime 枪管,latron_prime_barrel
卡拉克·亡魂 枪管,karak_wraith_barrel
zenurik 晶体,zenurik_lens
矫捷窜升,agility_drift
咬碎,bite
续燃,afterburn
风起云涌,rising_storm
ember prime 一套,ember_prime_set
蓄能重划,redirection
狼牙 prime 一套,fang_prime_set
冰封护罩,chilling_globe
mag prime 一套,mag_prime_set
释能放热,exothermic
nekros prime 头部神经光元 蓝图,nekros_prime_neuroptics_blueprint
鹰眼,eagle_eye
护盾过载,shield_overload
电弧线圈,arc_coil
混乱领域,chaos_sphere
狂化冲动,hysterical_fixation
亵渎清算,defiled_reckoning
溃散射击,crash_shot
弹药储转箱,ammo_case
悦音 prime 一套,euphona_prime_set
真相之刃,blade_of_truth
聚焦能量,focus_energy
隼目,hawk_eye
野猪 prime 蓝图,boar_prime_blueprint
oberon prime 一套,oberon_prime_set
半人马 剑刃,centaur_blade
扫荡锯齿,sweeping_serration
驯象钩刃 刀刃,agkuza_blade
链接蓄能,link_redirection
狂鲨 prime 蓝图,tiberon_prime_blueprint
棱晶·斩肉双刀,prisma_dual_cleavers
定向汇聚,directed_convergence
saryn prime 蓝图,saryn_prime_blueprint
重创 prime,primed_heavy_trauma
赋能·觉醒,arcane_awakening
gamma 信标,gamma_beacon
赋能·通牒,arcane_ultimatum
德拉·破坏者 蓝图,dera_vandal_blueprint
棱晶·奥比克斯,prisma_obex
玻之武杖 prime 一套,bo_prime_set
野猪 prime 一套,boar_prime_set
布里斯提卡 prime 枪机,ballistica_prime_receiver
螺钉步枪 prime 一套,boltor_prime_set
斯特朗·亡魂 枪托,strun_wraith_stock
斯特朗·亡魂 一套,strun_wraith_set
科加基 prime 一套,kogake_prime_set
科加基 prime 拳套,kogake_prime_gauntlet
zephyr prime 蓝图,zephyr_prime_blueprint
拉托·破坏者 一套,lato_vandal_set
拉托·破坏者 蓝图,lato_vandal_blueprint
拉托·破坏者 枪管,lato_vandal_barrel
布莱顿·破坏者 一套,braton_vandal_set
grineer 驻扎地火炮场景,grineer_settlement_artillery_scene
赤毒要塞裂缝场景,kuva_fortress_crevice_scene
grineer 海底实验室离心机场景,grineer_sealab_centrifuge_scene
月球楼厅场景,lua_balcony_scene
再启动,reawaken
valkyr prime 头部神经光元 蓝图,valkyr_prime_neuroptics_blueprint
半人马 握柄,centaur_handle
预言 启示,augur_message
真实惩罚,true_punishment
熵数起爆,entropy_detonation
撕裂鹤击,rending_crane
空中侦察,air_recon
凯旋之爪 prime 蓝图,venka_prime_blueprint
悦音 prime 蓝图,euphona_prime_blueprint
奥努里克斯 握柄,onorix_handle
抵近射击,point_blank
充能反弹,reflection
螫刺狂棘,stinging_thorn
霰弹枪增幅,shotgun_amp
魔导·近点,magus_anomaly
双短柄战镰 prime 握柄,dual_kamas_prime_handle
正直·突波,virtuos_surge
标记目标,marked_target
强化刀锋,empowered_blades
喀婆萨 prime 项圈扣,kavasa_prime_buckle
菌株 爆裂,strain_eruption
团结一致,stand_united
喀婆萨 prime 项圈带,kavasa_prime_band
赤毒王座场景,kuva_throne_scene
圣殿通道场景,sanctuary_conduit_scene
牙齿毒液,venom_teeth
崛起之刃,rising_steel
狂怒穿刺,piercing_fury
星形紫苋石,star_amarast
启明物悬浮驱动,venerdo_hoverdrive
轨上燃焰,trail_blazer
扫描物质,scan_matter
动能摩擦,kinetic_friction
扫描水生生命体,scan_lifeforms
乘空时间,air_time
护轨器,rail_guards
突击模式,assault_mode
磁吸固锁,mag_locks
惯性减震,inertia_dampeners
瓦斯托双枪 prime 一套,akvasto_prime_set
永恒苦痛,perpetual_agony
灵活装甲,armored_agility
杀伤计数,body_count
赋能·偏折,arcane_deflection
创口溃烂,weeping_wounds
野马双枪 prime 连接器,akbronco_prime_link
朱红暴风,vermillion_storm
致残突击,maiming_strike
侦察,investigator
火焰行者,firewalker
液压准心,hydraulic_crosshairs
剧毒飞腾,toxic_flight
雷射瞄具,laser_sight
毁灭 infested,smite_infested
猛毒附加,venom_dose
撕裂翻转,rending_turn
震波,seismic_wave
达克拉 prime 握柄,dakra_prime_handle
驱逐 grineer,expel_grineer
月神 prime 枪管,soma_prime_barrel
mag prime 头部神经光元 蓝图,mag_prime_neuroptics_blueprint
爆发装填 prime,primed_fast_hands
弗拉克斯·亡魂 一套,furax_wraith_set
死亡之眼,dead_eye
近战裂罅 mod （尚未揭开）,melee_riven_mod_(veiled)
腐蚀投射,corrosive_projection
手枪裂罅 mod （尚未揭开）,pistol_riven_mod_(veiled)
重创,heavy_trauma
神威·勇猛,exodia_valor
蓄力装填,charged_chamber
潮汐涌净,tidal_impunity
穿甲口径,piercing_caliber
复燃 秘奥头盔,arcane_backdraft_helmet
凝胶爆破,adhesive_blast
动能碰撞,kinetic_collision
雷电米特尔,thundermiter
画龙点睛,finishing_touch
活泼静电,static_alacrity
ash prime 机体 蓝图,ash_prime_chassis_blueprint
猛虎 prime 蓝图,tigris_prime_blueprint
紧急后果,emergent_aftermath
不屈不挠,fortitude
ash prime 系统 蓝图,ash_prime_systems_blueprint
mag prime 系统 蓝图,mag_prime_systems_blueprint
棱晶·葛拉卡达,prisma_grakata
全面驱动,mobilize
守望者 prime 枪机,vectis_prime_receiver
自动扳机,automatic_trigger
复原装甲,armored_recovery
勇气·恶龙,vaykor_sydon
串联弹匣,slip_magazine
连牙追袭,homing_fang
赋能·优雅,arcane_grace
捶击,maul
构造强化,enhanced_vitality
玻之武杖 prime 饰物,bo_prime_ornament
德拉·破坏者 枪机,dera_vandal_receiver
甲龙双拳 prime 一套,ankyros_prime_set
卑劣加速,vile_acceleration
弹头扩散,barrel_diffusion
旋风,whirlwind
毒抗,antitoxin
冲击干扰,disruptor
重口径,heavy_caliber
穿甲伤害,piercing_hit
持久力,continuity
感染弹匣,tainted_clip
电击奇兵,shock_trooper
川流不息,flow
降速暴击,critical_deceleration
蛟龙 prime 外壳,wyrm_prime_carapace
治愈之焰,healing_flame
深渊之火,atlantis_vulcan
棱晶·特拉,prisma_tetra
破碎声波,sonic_fracture
帕里斯 prime 一套,paris_prime_set
trinity prime 一套,trinity_prime_set
私法 军备,vigilante_armaments
席芭莉丝 prime 蓝图,sybaris_prime_blueprint
欺幻魔灯,beguiling_lantern
布里斯提卡 prime 一套,ballistica_prime_set
正直·狂怒,virtuos_fury
正直·空无,virtuos_null
正直·节奏,virtuos_tempo
神威·气力,exodia_force
正直·鬼魅,virtuos_ghost
华彩刀剑,chromatic_blade
驱逐奥罗金,expel_corrupted
角斗士 圣盾,gladiator_aegis
抵消正义,neutralizing_justice
发光的黄道宝石,radiant_zodian
食人鱼噬咬,biting_piranha
wukong prime 蓝图,wukong_prime_blueprint
wukong prime 系统 蓝图,wukong_prime_systems_blueprint
诸葛连弩 prime 弓弦,zhuge_prime_string
镀金真相,gilded_truth
链接纤维,link_fiber
顶天立地,sure_footed
血色万柳,bleeding_willow
不朽意志,undying_will
钢铁凤凰,iron_phoenix
尖锐之风,pointed_wind
稳定,stabilizer
步枪弹药搜集者,rifle_scavenger
加速,quickening
红晶枪管,rubedo_lined_barrel
破甲,sundering_strike
抵消,negate
生长怪奇,peculiar_growth
技巧之剑 prime 刀刃,destreza_prime_blade
机甲 强化,mecha_empowered
机甲 脉冲,mecha_pulse
重铁雨落,mafic_rain
原木冲击,crashing_timber
污染水螅,tainted_hydra
盘旋鞭笞,lashing_coil
重生,regen
雷克斯双枪 prime 连接器,aklex_prime_link
灵敏扳机,speed_trigger
预言 神密,augur_secrets
cressa 的驻扎处场景,cressas_garrison_scene
仲裁者法庭场景,arbiters_tribunal_scene
grineer 森林工业场景,grineer_forest_industry_scene
banshee prime 系统 蓝图,banshee_prime_systems_blueprint
箭矢转换,arrow_mutation
hydroid prime 蓝图,hydroid_prime_blueprint
急速偏斜,hastened_deflection
传染性注射,infectious_injection
慧黠斩剃,wise_razor
equinox prime 系统 蓝图,equinox_prime_systems_blueprint
曲翼枪械裂罅 mod （尚未揭开）,archgun_riven_mod_(veiled)
帕里斯 prime 蓝图,paris_prime_blueprint
震地共鸣,resonating_quake
多流抽击,flailing_branch
结霜侵蚀,frostbite
集气城市中央降落场景,gas_city_central_drop_scene
月球 unairu 晶体,lua_unairu_lens
牧羊人,shepherd
奥罗金塔撤离点场景,orokin_tower_extraction_scene
致命效率,deadly_efficiency
正直·熔炉,virtuos_forge
瓦斯托双枪 prime 蓝图,akvasto_prime_blueprint
瓦斯托双枪 prime 连接器,akvasto_prime_link
毒染套管,contamination_casing
昂克的指挥所场景,onkkos_command_post_scene
通量步枪超载,flux_overdrive
奥努里克斯 刀刃,onorix_blade
凯旋之爪 prime 一套,venka_prime_set
消音,suppress
目标入定,target_fixation
磁浮,maglev
净化 grineer,cleanse_grineer
加剧反射,heightened_reflexes
狩猎,hunt
欧特鲁斯 prime 蓝图,orthos_prime_blueprint
恶怨厅,hall_of_malevolence
毁灭 grineer,smite_grineer
烈焰风暴,firestorm
灭亡 corpus,bane_of_corpus
嗜血 狂暴,berserker_fury
振奋劫掠,rousing_plunder
松弛弹匣,loose_magazine
生命打击,life_strike
翻筋斗,handspring
帕里斯 prime 弓身,paris_prime_grip
幸运射击,lucky_shot
带电枪管,electrified_barrel
极限弹容,maximum_capacity
救星诱饵,savior_decoy
缠旋风切,stalking_fan
灭亡奥罗金 prime,primed_bane_of_corrupted
保温服,warm_coat
腐败弹匣,tainted_mag
战术性撤退,tactical_retreat
光明纯净,bright_purity
冰冷疾风,frigid_blast
破片弹头,shrapnel_rounds
血色刃缘,bleeding_edge
和平·追寻者,pax_seeker
mesa prime 蓝图,mesa_prime_blueprint
equinox prime 头部神经光元 蓝图,equinox_prime_neuroptics_blueprint
救赎者 prime 蓝图,redeemer_prime_blueprint
正直·尖刺,virtuos_spike
提佩多 prime 蓝图,tipedo_prime_blueprint
锯齿边缘,serrated_edges
火焰防护,flame_repellent
量子切割器·破坏者,quanta_vandal
苦痛·德特昂,mara_detron
减震器,shock_absorbers
野马 prime 枪机,bronco_prime_receiver
异融 alad v 导航坐标,mutalist_nav_coordinates
伯斯顿 prime 蓝图,burston_prime_blueprint
精湛快手,soft_hands
簧压猎箭,spring_loaded_broadhead
裂隙洪流,rift_torrent
伯斯顿 prime 枪托,burston_prime_stock
一剑在手,sword_alone
机动装填,tactical_reload
飞扬 prime 蓝图,hikou_prime_blueprint
催泪毒雾,tear_gas
串联弹匣 prime,primed_slip_magazine
庇护,shelter
纵横双子,gemini_cross
破裂,rupture
先锋 秘奥头盔,arcane_vanguard_helmet
巨人促进剂,fomorian_accelerant
川流不息 prime,primed_flow
凯旋将军·破坏者 蓝图,imperator_vandal_blueprint
手枪弹药转换 prime,primed_pistol_ammo_mutation
潘德拉冈 秘奥头盔,arcane_pendragon_helmet
棱晶·真理巨剑,prisma_veritux
残响共鸣,resonance
弹道靶心,ballistic_bullseye
volt prime 蓝图,volt_prime_blueprint
穿刺抛体,piercing_navigator
集气城市 alad 的实验室场景,gas_city_alads_laboratory_scene
重装火力,magnum_force
驱逐 corpus,expel_corpus
ember prime 机体 蓝图,ember_prime_chassis_blueprint
赋能·节奏,arcane_tempo
madurai 晶体,madurai_lens
unairu 晶体,unairu_lens
狡诈窜升,cunning_drift
坚忍窜升,endurance_drift
耗弱链接,abating_link
力量窜升,power_drift
速度窜升,speed_drift
圣域爆发,hallowed_eruption
匿踪窜升,stealth_drift
rhino prime 机体 蓝图,rhino_prime_chassis_blueprint
切割刃缘,cutting_edge
碎铁弹片,iron_shrapnel
野马双枪 prime 一套,akbronco_prime_set
传染蔓延,contagious_spread
赋能·灵敏,arcane_agility
刺骨战吼,piercing_roar
搬运者 prime 一套,carrier_prime_set
静谧无踪,hushed_invisibility
达克拉 prime 一套,dakra_prime_set
贪夺触角,pilfering_swarm
钻石皮肤,diamond_skin
德拉·破坏者 一套,dera_vandal_set
毒素数列,toxic_sequence
拉特昂·亡魂 蓝图,latron_wraith_blueprint
拉特昂·亡魂 枪机,latron_wraith_receiver
拉特昂·亡魂 枪托,latron_wraith_stock
拉特昂·亡魂 一套,latron_wraith_set
侵略领土,territorial_aggression
挥击,swipe
猛扑,pounce
磨锋之爪,sharpened_claws
双子蝰蛇·亡魂 连接器,twin_vipers_wraith_link
双子蝰蛇·亡魂 枪机,twin_vipers_wraith_receivers
双子蝰蛇·亡魂 一套,twin_vipers_wraith_set
侦敌雷达,enemy_radar
nekros prime 机体 蓝图,nekros_prime_chassis_blueprint
赋能·卫士,arcane_bodyguard
赋能·主武充能,arcane_primary_charger
迅敏动量,swift_momentum
战斗教条,combat_discipline
赋能·刀刃充能,arcane_blade_charger
近战指引,melee_guidance
atlas prime 机体 蓝图,atlas_prime_chassis_blueprint
死亡魔方 prime 外壳,dethcube_prime_carapace
死亡魔方 prime 头部,dethcube_prime_cerebrum
铁钩手甲 prime 拳套,tekko_prime_gauntlet
死亡魔方 prime 蓝图,dethcube_prime_blueprint
死亡魔方 prime 一套,dethcube_prime_set
冰冷刃缘,glacial_edge
肢解,organ_shatter
limbo prime 系统 蓝图,limbo_prime_systems_blueprint
溜之大吉,runtime
脚底抹油,hit_and_run
ivara prime 头部神经光元 蓝图,ivara_prime_neuroptics_blueprint
ivara prime 机体 蓝图,ivara_prime_chassis_blueprint
ivara prime 系统 蓝图,ivara_prime_systems_blueprint
苍鹰 prime 蓝图,baza_prime_blueprint
苍鹰 prime 一套,baza_prime_set
轻灵月神双枪 prime 一套,aksomati_prime_set
轻灵月神双枪 prime 连接器,aksomati_prime_link
苍鹰 prime 枪托,baza_prime_stock
轻灵月神双枪 prime 枪机,aksomati_prime_receiver
格拉姆 prime 握柄,gram_prime_handle
剑风 prime,primed_reach
庇护焚炉,warding_thurible
赫利俄斯 prime 蓝图,helios_prime_blueprint
极限速度,terminal_velocity
冰风暴,ice_storm
飓风海怪,cyclone_kraken
卡拉克·亡魂 枪机,karak_wraith_receiver
灵枢 圆盘,orvius_disc
vazarin 晶体,vazarin_lens
沉没之爪,sinking_talon
生命转换,health_conversion
增幅线圈,reflex_coil
瓦斯托 prime 枪机,vasto_prime_receiver
灼热跳跃,searing_leap
战利品探测器,loot_detector
永续力场,repelling_bastille
中空子弹,hollowed_bullets
scimitar 引擎 蓝图,scimitar_engines_blueprint
铁甲冲锋,ironclad_charge
veil 的拘束台场景,veils_binding_scene
魔导·驱动,magus_drive
快速装填,quick_reload
菌株 热毒,strain_fever
曲翼枪械行家,archgun_ace
狂堆速,mad_stack
猛爆致病,teeming_virulence
福尔图娜场景,fortuna_scene
提佩多 prime 饰物,tipedo_prime_ornament
斯特拉迪瓦 prime 枪机,stradavar_prime_receiver
狙击特昂·破坏者 枪管,snipetron_vandal_barrel
毒蝎 秘奥头盔,arcane_scorpion_helmet
蛟龙 prime 头部,wyrm_prime_cerebrum
迅敏视觉,spry_sights
目标感应,targeting_receptor
阿耶檀识 valana 塑像,ayatan_valana_sculpture
灭亡 infested,bane_of_infested
电击触点,shocking_touch
合成燃气炮 枪管,cyngas_barrel
冲刺提升,sprint_boost
合成燃气炮 枪托,cyngas_stock
狂怒标枪,furious_javelin
雷克斯 prime 蓝图,lex_prime_blueprint
幽暗枯竭,draining_gloom
集气城市元素精炼场景,gas_city_elemental_refinement_scene
地狱火,hellfire
精准弹药,precision_munition
氩晶装甲,argon_plating
corpus虚空钥匙,corpus_void_key
飞扬 prime 一套,hikou_prime_set
弹头导引,seeker
熔岩冲击,molten_impact
欧特鲁斯 prime 握柄,orthos_prime_handle
收割者 prime 刀刃,reaper_prime_blade
撕裂打击,rending_strike
霰弹扩充,ammo_stock
自爆,self_destruct
簧压膛室,spring_loaded_chamber
加速冲击,accelerated_blast
分裂斩斧 prime 蓝图,scindo_prime_blueprint
污秽弹药,tainted_shell
过激真相,stinging_truth
转轮弹匣,repeater_clip
一击必杀,killing_blow
内置触媒,embedded_catalyzer
熔岩弹膛,magma_chamber
弹跳,rebound
卸能打击,discharge_strike
风暴 秘奥头盔,arcane_storm_helmet
剑风,reach
抗爆覆甲,anti_flak_plating
泪滴形石青,tear_azurite
霰弹枪裂罅 mod （尚未揭开）,shotgun_riven_mod_(veiled)
魔导·韵律,magus_cadence
神威·勇武,exodia_brave
神威·狩猎,exodia_hunt
神威·凯旋,exodia_triumph
魔导·滋养,magus_nourish
正直·暗影,virtuos_shadow
ember prime 系统 蓝图,ember_prime_systems_blueprint
frost prime 机体 蓝图,frost_prime_chassis_blueprint
rhino prime 系统 蓝图,rhino_prime_systems_blueprint
ember prime 蓝图,ember_prime_blueprint
侵蚀毁坏,eroding_blight
致命数列,deadly_sequence
热病打击,fever_strike
锯齿弹链,sawtooth_clip
本质 秘奥头盔,arcane_essence_helmet
飞蝗 秘奥头盔,arcane_locust_helmet
皇家节奏,tempo_royale
弧度心智晶核,radian_sentirum
棱晶·蛇发女妖,prisma_gorgon
头脑风暴,brain_storm
正午,high_noon
散射正义,scattered_justice
残暴浪潮,brutal_tide
漏斗状云,funnel_clouds
ash prime 蓝图,ash_prime_blueprint
什长双枪 枪机,decurion_receiver
毁坏毒素,toxic_blight
喀婆萨 prime 库狛项圈 蓝图,kavasa_prime_kubrow_collar_blueprint
阿耶檀识青蓝星,ayatan_cyan_star
致死加速,fatal_acceleration
菲德菈 枪管,phaedra_barrel
盗贼天赋,thiefs_wit
弗拉克斯·亡魂 左拳套,furax_wraith_left_gauntlet
非凡技巧,melee_prowess
阿耶檀识琥珀星,ayatan_amber_star
长时瘫痪,prolonged_paralysis
步枪裂罅 mod （尚未揭开）,rifle_riven_mod_(veiled)
高射炮击,flak_shot
贯彻始终,follow_through
持续火力,quickdraw
奚落守护,guardian_derision
冰冷雪崩,icy_avalanche
vay hek 坐标频率三角仪,vay_hek_frequency_triangulator
牵绳机雷,whiplash_mine
气息疗愈,odomedic
质子 喷射,proton_jet
协议覆盖,security_override
裂隙避难所,rift_haven
马谢特砍刀·亡魂,machete_wraith
火绫守护,safeguard
普罗沃·破坏者,prova_vandal
化像之道,path_of_statues
感染毒雾,contagion_cloud
收割者 prime 一套,reaper_prime_set
献祭之辉,immolated_radiance
vauban prime 蓝图,vauban_prime_blueprint
搬运者 prime 外壳,carrier_prime_carapace
充量弹容,full_capacity
磁吸释放,magnetized_discharge
甲龙双拳 prime 蓝图,ankyros_prime_blueprint
inaros 古墓场景,inaros_tomb_scene
野猪 prime 枪管,boar_prime_barrel
oberon prime 机体 蓝图,oberon_prime_chassis_blueprint
填弹上膛,lock_and_load
月动球竞技场场景,lunaro_arena_scene
席瓦 & 神盾 prime 刀刃,silva_and_aegis_prime_blade
赋能·保卫者,arcane_guardian
螺钉步枪 prime 蓝图,boltor_prime_blueprint
快速充能,fast_deflection
席芭莉丝 prime 一套,sybaris_prime_set
oberon prime 系统 蓝图,oberon_prime_systems_blueprint
苍鹰 prime 枪机,baza_prime_receiver
毁灭 infested prime,primed_smite_infested
舍杜 枪管,shedu_barrel
舍杜 枪机,shedu_receiver
毁灭 corpus prime,primed_smite_corpus
sentient 喷泉场景,sentient_fountain_scene
舍杜 一套,shedu_set
舍杜 机体,shedu_chassis
虚空隐匿,void_cloak
小队治愈,squad_renew
截面密度,section_density
热流涌动,flow_burn
涌流突进,surging_dash
指挥家,conductor
蓄积长鞭,accumulating_whipclaw
心形夜石,heart_noctrul
光子续能器,photon_repeater
救赎者 prime 一套,redeemer_prime_set
低温外壳,hypothermic_shell
湮灭弹头,warhead
战位,battle_stations
反制系统,countermeasures
祭血锻造,blood_forge
野火涌流,balefire_surge
sentient 盆地场景,sentient_basin_scene
sentient 阳台场景,sentient_balcony_scene
无尽催眠曲,endless_lullaby
魔导·触媒,magus_accelerant
迦伦提恩 prime 蓝图,galatine_prime_blueprint
空中制霸,aerial_ace
充沛射击,energizing_shot
聚精滑翔,anchored_glide
恶毒弹匣,venomous_clip
德拉·破坏者 枪管,dera_vandal_barrel
平衡配重,counterweight
反重力榴弹,anti_grav_grenade
快速休整,brief_respite
欧特鲁斯 prime 一套,orthos_prime_set
狂化突击,hysterical_assault
跃浪好手,adept_surge
蛇发女妖的狂热,gorgon_frenzy
volt prime 一套,volt_prime_set
伊舍兄弟之石,esher_devar
banshee prime 头部神经光元 蓝图,banshee_prime_neuroptics_blueprint
电光脉冲,electro_pulse
啃咬压制,neutralize
嗅索取物,retrieve
凯旋将军·破坏者 枪机,imperator_vandal_receiver
保障·勒克塔,secura_lecta
圣使 系统,amesha_systems_blueprint
圣使 机翼,amesha_wings_blueprint
圣使 外甲,amesha_harness_blueprint
圣使 一套,amesha_set
鞘翅 外甲,elytron_harness_blueprint
鞘翅 一套,elytron_set
刺影 系统 蓝图,itzal_systems_blueprint
刺影 机翼 蓝图,itzal_wings_blueprint
刺影 外甲 蓝图,itzal_harness_blueprint
刺影 一套,itzal_set
阿耶檀识 vaya 塑像,ayatan_vaya_sculpture
佩兰数列强化mod,the_perrin_sequence_augment_mod
新世间强化mod,new_loka_augment_mod
均衡仲裁者强化mod,arbiters_of_hexis_augment_mod
招福,charm
猫眼,cats_eye
宠物治疗套件,medi_pet_kit
收割者 prime 握柄,reaper_prime_handle
暗杀者 prime 枪管,sicarus_prime_barrel
布莱顿 prime 枪管,braton_prime_barrel
净化烈焰,purifying_flames
能量超载,overcharged
鞘翅 机翼,elytron_wings_blueprint
顽皮,mischief
猛虎 prime 一套,tigris_prime_set
护盾充能,shield_charger
绯红·暗黑匕首,rakta_dark_dagger
静电释放,static_discharge
痛苦阈值,pain_threshold
帕里斯 prime 弓弦,paris_prime_string
游离双管,double_barrel_drift
蛇发女妖·亡魂 蓝图,gorgon_wraith_blueprint
氩晶瞄具,argon_scope
爆散消亡,explosive_demise
暗杀者 prime 枪机,sicarus_prime_receiver
mantis 引擎 蓝图,mantis_engines_blueprint
准确射手,sure_shot
战刃 prime 刀刃,glaive_prime_blade
蚀能磁触,sapping_reach
卡拉克·亡魂 一套,karak_wraith_set
重击巨锤 prime 一套,fragor_prime_set
赤红狂舞,crimson_dervish
史提托双枪 prime 蓝图,akstiletto_prime_blueprint
史提托双枪 prime 枪管,akstiletto_prime_barrel
深层冷冻,deep_freeze
史提托双枪 prime 枪机,akstiletto_prime_receiver
体魄,physique
螺钉双枪 prime 枪机,akbolto_prime_receiver
帕里斯 prime 上弓臂,paris_prime_upper_limb
螺钉双枪 prime 蓝图,akbolto_prime_blueprint
席瓦 & 神盾 prime 蓝图,silva_and_aegis_prime_blueprint
分裂斩斧 prime 刀刃,scindo_prime_blade
悦音 prime 枪管,euphona_prime_barrel
mag prime 蓝图,mag_prime_blueprint
弗拉克斯·亡魂 蓝图,furax_wraith_blueprint
frost prime 系统 蓝图,frost_prime_systems_blueprint
冰冷跃动,ice_spring
碎裂冲击,shattering_impact
非晶变压器,morphic_transformer
赫利俄斯 prime 头部,helios_prime_cerebrum
帕里斯 prime 下弓臂,paris_prime_lower_limb
三重连击,triple_tap
恶毒猛禽,malicious_raptor
幽影之护,shield_of_shadows
空尖弹,hollow_point
不朽打击,enduring_strike
延烧数列,sequence_burn
xiphos 机身 蓝图,xiphos_fuselage_blueprint
mantis 机身 蓝图,mantis_fuselage_blueprint
尖刃弹头,bladed_rounds
撕裂,shred
mantis 飞航系统 蓝图,mantis_avionics_blueprint
膛线,serration
赋能·复原,arcane_healing
scimitar 机身 蓝图,scimitar_fuselage_blueprint
快速收回,quick_return
避雷针,lightning_rod
赋能·温暖,arcane_warmth
钢铁充能,steel_charge
狂暴化,rage
未完之刺,lasting_sting
圣洁·执法者,sancti_magistar
电磁脉冲场,emp_aura
抚慰之风,pacifying_bolts
金属纤维,metal_fiber
能量扩散,energy_amplifier
薇娜丽的护卫,venari_bodyguard
正直·特洛伊,virtuos_trojan
致盲掠夺,blinding_reave
恐惧屏障,dread_ward
棱晶·葛恩火枪,prisma_grinlok
equinox prime 机体 蓝图,equinox_prime_chassis_blueprint
斯特拉迪瓦 prime 蓝图,stradavar_prime_blueprint
勇气·玛瑞火枪,vaykor_marelok
锯刃弹头,serrated_rounds
xiphos 引擎 蓝图,xiphos_engines_blueprint
titania prime 头部神经光元 蓝图,titania_prime_neuroptics_blueprint
鲮鲤剑 prime 刀刃,pangolin_prime_blade
鲮鲤剑 prime 一套,pangolin_prime_set
titania prime 蓝图,titania_prime_blueprint
节流降耗,revo_reducer
sentient 解剖刀,sentient_scalpel
titania prime 一套,titania_prime_set
责难裁决,tribunal
肉弹发射,catapult
炽燃劫掠,blazing_pillage
迷尘丰益,spellbound_harvest
巡航速度,cruising_speed
高效光能炮,artillery_cheap_shot
炮台速度,turret_velocity
高效火炮,ordnance_cheap_shot
弩炮测距,ballista_measure
快速锁定,quicklock
火炮速度,ordnance_velocity
净化 grineer prime,primed_cleanse_grineer
净化 infested prime,primed_cleanse_infested
净化 corpus prime,primed_cleanse_corpus
净化奥罗金 prime,primed_cleanse_corrupted
增生突变,abundant_mutation
晕眩弹药,dizzying_rounds
显形孢子,revealing_spores
狂化震怒,enraged
碎石堆叠,rubble_heap
精准打击,precision_strike
致命机动,deadly_maneuvers
banshee prime 蓝图,banshee_prime_blueprint
激冷装填,chilling_reload
流线外形,streamlined_form
漂移接触,drifting_contact
valkyr prime 机体 蓝图,valkyr_prime_chassis_blueprint
低温弹头 prime,primed_cryo_rounds
半人马 一套,centaur_set
奥努里克斯 一套,onorix_set
驯象钩刃 一套,agkuza_set
治愈归复,healing_return
黑鸦 一套,corvas_set
践踏加固,reinforcing_stomp
拉斯波恩 一套,rathbone_set
残酷组合,relentless_combination
西诺斯 prime 蓝图,cernos_prime_blueprint
西诺斯 prime 下弓臂,cernos_prime_lower_limb
西诺斯 prime 上弓臂,cernos_prime_upper_limb
西诺斯 prime 弓身,cernos_prime_grip
异况超量,condition_overload
病毒风暴,viral_tempest
超速击杀,dispatch_overdrive
长时苦难,enduring_affliction
手枪弹药搜集者,pistol_scavenger
蛟龙 prime 一套,wyrm_prime_set
naramon 转换核心,naramon_transmute_core
vazarin 转换核心,vazarin_transmute_core
复仇亡灵,vengeful_revenant
星界剖解,astral_autopsy
ergo 的会议室场景,ergos_boardroom_scene
机动瞄准,agile_aim
冲击预感,anticipation
夜灵平野场景,plains_of_eidolon_scene
撕碎射击,shred_shot
伯斯顿 prime 枪管,burston_prime_barrel
滞痕冰浪,ice_wave_impedance
volt prime 系统 蓝图,volt_prime_systems_blueprint
达克拉 prime 刀刃,dakra_prime_blade
战刃 prime 圆盘,glaive_prime_disc
阿耶檀识 ayr 塑像,ayatan_ayr_sculpture
延伸,stretch
驯象钩刃 护手,agkuza_guard
聚精会神,intensify
重型弹头,heavy_warhead
卡拉克·亡魂 枪托,karak_wraith_stock
madurai 转换核心,madurai_transmute_core
毒素弹幕,toxic_barrage
顶级掠食者,apex_predator
霰弹枪弹药转换,shotgun_ammo_mutation
算计赢家,calculated_victory
超越推进,hyperion_thrusters
感染者阻抗,infested_impedance
hydroid prime 系统 蓝图,hydroid_prime_systems_blueprint
动物本能 prime,primed_animal_instinct
贪夺穹顶,pilfering_strangledome
质子 脉动,proton_pulse
集气城市升降机场景,gas_city_lifts_scene
三伏天场景,dog_days_scene
震波驱动器,shockwave_actuators
同化,assimilate
战刃 prime 一套,glaive_prime_set
分裂斩斧 prime 一套,scindo_prime_set
终极·螺钉拐刃,telos_boltace
拉特昂 prime 枪机,latron_prime_receiver
拉特昂 prime 枪托,latron_prime_stock
雷克斯 prime 枪管,lex_prime_barrel
grineer 森林工厂场景,grineer_forest_factory_scene
心形灵息石,heart_nyth
绝壁强攻,impenetrable_offense
苏达数据空间场景,sudas_datascape_scene
席芭莉丝 prime 枪机,sybaris_prime_receiver
失衡护盾,staggering_shield
史提托双枪 prime 一套,akstiletto_prime_set
诡计之刃 一套,stropha_set
逐电 一套,velox_set
钢刃步枪 枪管,stahlta_barrel
钢刃步枪 一套,stahlta_set
逐电 枪机,velox_receiver
诡计之刃 刀刃,stropha_blade
钢刃步枪 枪机,stahlta_receiver
诡计之刃 枪机,stropha_receiver
诡计之刃 枪托,stropha_stock
诡计之刃 枪管,stropha_barrel
钢刃步枪 枪托,stahlta_stock
逐电 枪管,velox_barrel
corpus 船舰库场景,corpus_ship_hangar_scene
corpus 舰桥场景,corpus_ship_bridge_scene
corpus 船舰追踪炮场景,corpus_ship_orbital_cannon_scene
冷冻光束步枪·破坏者,glaxion_vandal
红晶枪管 prime,primed_rubedo_lined_barrel
inaros prime 一套,inaros_prime_set
inaros prime 机体 蓝图,inaros_prime_chassis_blueprint
inaros prime 头部神经光元 蓝图,inaros_prime_neuroptics_blueprint
inaros prime 蓝图,inaros_prime_blueprint
inaros prime 系统 蓝图,inaros_prime_systems_blueprint
猎豹 prime 枪托,panthera_prime_stock
凯洛斯特 prime 握柄,karyst_prime_handle
凯洛斯特 prime 一套,karyst_prime_set
猎豹 prime 一套,panthera_prime_set
猎豹 prime 枪管,panthera_prime_barrel
猎豹 prime 枪机,panthera_prime_receiver
猎豹 prime 蓝图,panthera_prime_blueprint
凯洛斯特 prime 蓝图,karyst_prime_blueprint
凯洛斯特 prime 刀刃,karyst_prime_blade
私法 补给,vigilante_supplies
月落乌啼,crushing_ruin
布莱顿 prime 枪托,braton_prime_stock
达克拉 prime 蓝图,dakra_prime_blueprint
心志偏狭,narrow_minded
xiphos 飞航系统 蓝图,xiphos_avionics_blueprint
坚守,stand_ground
战刃 prime 蓝图,glaive_prime_blueprint
弱点专精 prime,primed_target_cracker
反射拔枪,reflex_draw
史提托双枪 prime 连接器,akstiletto_prime_link
灭亡奥罗金,bane_of_corrupted
hunhow 的数据空间场景,hunhows_datascape_scene
致残枪弹,maim
oberon prime 蓝图,oberon_prime_blueprint
搜刮者,looter
手枪弹药转换,pistol_ammo_mutation
剧毒螫刺,poisonous_sting
harrow 神庙场景,harrows_temple_scene
amaryn 的避难所场景,amaryns_retreat_scene
色键场景,color_key_scene
菲德菈 一套,phaedra_set
西诺斯 prime 弓弦,cernos_prime_string
西诺斯 prime 一套,cernos_prime_set
valkyr prime 蓝图,valkyr_prime_blueprint
valkyr prime 一套,valkyr_prime_set
凯旋之爪 prime 爪刃,venka_prime_blades
赏金猎人,bounty_hunter
锁定目标,target_acquired
觅心猎手,heartseeker
忠实搭档,loyal_companion
狂暴尚武,martial_fury
果断裁决,decisive_judgement
回转尖峰,twirling_spire
辅助动力,auxiliary_power
夜灵晶体 蓝图,eidolon_lens_blueprint
微光利爪,gleaming_talon
搜集,scavenge
神枪手,gunslinger
分裂编织,sundering_weave
穿刺弹药,impaler_munitions
凤凰新生,phoenix_renewal
电冲弹药,shell_shock
幼体爆发,larva_burst
弧刃回天,cleaving_whirlwind
人群驱散,crowd_dispersion
合成燃气炮 枪机,cyngas_receiver
陨蜓 prime 蓝图,odonata_prime_blueprint
无明制裁,blind_justice
全面接触,full_contact
医疗射线,medi_ray
电磁屏障,electromagnetic_shielding
凯旋将军·破坏者 一套,imperator_vandal_set
加力燃烧,afterburner
手枪精通 prime,primed_pistol_gambit
勇气·海克,vaykor_hek
液压枪管,hydraulic_barrel
saryn prime 头部神经光元 蓝图,saryn_prime_neuroptics_blueprint
海波斯库拉对剑 prime 刀刃,nami_skyla_prime_blade
皇家拐刃 prime 握柄,kronen_prime_handle
角斗士 灵巧,gladiator_finesse
预言 通灵,augur_reach
牺牲,sacrifice
猎人 追踪,hunter_track
猎人 命令,hunter_command
野猪 prime 枪机,boar_prime_receiver
omega 信标,omega_beacon
蜕化再生,regenerative_molt
野猪 prime 枪托,boar_prime_stock
蛇发女妖·亡魂 枪管,gorgon_wraith_barrel
科加基 prime 靴子,kogake_prime_boot
螺钉双枪 prime 一套,akbolto_prime_set
螺钉双枪 prime 连接器,akbolto_prime_link
螺钉双枪 prime 枪管,akbolto_prime_barrel
布莱顿·破坏者 蓝图,braton_vandal_blueprint
limbo prime 一套,limbo_prime_set
分裂槌音,partitioned_mallet
梯型异源石,trapezium_xenorhast
能量果汁,juice
重岩者 胸腔,saxum_thorax
殁世机甲 压迫点,necramech_pressure_point
殁世机甲 生命力,necramech_vitality
吸血噬咬,draining_bite
殁世机甲 滑流,necramech_slipstream
浓酸唾液,acidic_spittle
内寄生向量,endoparasitic_vector
殁世机甲 推进器,necramech_thrusters
损坏的殁世机甲 武器舱,damaged_necramech_weapon_pod
多面提亚美凝石,faceted_tiametrite
损坏的殁世机甲 引擎,damaged_necramech_engine
轰炸落地,bomb_the_landin
阿耶檀识 sah 塑像,ayatan_sah_sculpture
血色面纱强化mod,red_veil_augment_mod
狡诈面貌,cunning_aspect
反射,reflect
撕裂之风,rending_wind
黑鸦 枪机,corvas_receiver
高贵踏频,noble_cadence
热磁弹药,thermagnetic_shells
黑鸦 枪托,corvas_stock
动力回弹,kinetic_ricochet
垂死挣扎,mortal_conduct
招架,parry
暗杀者 prime 蓝图,sicarus_prime_blueprint
蛇发女妖·亡魂 一套,gorgon_wraith_set
飞升技巧,rising_skill
高压粉碎,fracturing_crush
狼牙 prime 蓝图,fang_prime_blueprint
终结闪光,radiant_finish
凶恶终结,ferocity
xiphos 一套,xiphos_set
高压电流,high_voltage
vauban prime 机体 蓝图,vauban_prime_chassis_blueprint
充能电幕,recharge_barrier
调节跳跃,tempered_bound
聚焦加速,focused_acceleration
冲击巨力,collision_force
拉特昂 prime 蓝图,latron_prime_blueprint
布莱顿 prime 蓝图,braton_prime_blueprint
积秽骁龙,defiled_snapdragon
侍刃 prime 握柄,nikana_prime_hilt
复元,recuperate
侍刃 prime 一套,nikana_prime_set
弱点感应,vital_sense
valkyr prime 系统 蓝图,valkyr_prime_systems_blueprint
合成燃气炮 一套,cyngas_set
破碎的战争之剑 一套,broken_war_set
凯旋之爪 prime 手套,venka_prime_gauntlet
死亡使徒 一套,kaszas_set
极速电磁步枪 一套,velocitus_set
巨浪 一套,fluctus_set
什长双枪 一套,dual_decurion_set
广域之视,broad_eye
电压数列,voltage_sequence
野马双枪 prime 蓝图,akbronco_prime_blueprint
低温弹头,cryo_rounds
寂静炮组,silent_battery
菲德菈 枪机,phaedra_receiver
悦音 prime 枪机,euphona_prime_receiver
瞬时坚毅,transient_fortitude
震荡弹头,concussion_rounds
嚎声,howl
驯象钩刃 握柄,agkuza_handle
搬运者 prime 系统,carrier_prime_systems
致命匿杀,covert_lethality
轻羽箭,feathered_arrows
加载弹容,loaded_capacity
松弛枪膛,loose_chamber
闪避装甲,armored_evade
纳米涂覆,nano_applicator
重点防御,focused_defense
制导弹药,guided_ordnance
斯特朗·亡魂 蓝图,strun_wraith_blueprint
巨大石者,titanic_rumbler
旋刃飞刀 prime 蓝图,spira_prime_blueprint
旋刃飞刀 prime 一套,spira_prime_set
希芙 刀刃,sheev_blade
希芙 散热片,sheev_heatsink
希芙 一套,sheev_set
轰隆石者,rumbled
狙击特昂·破坏者 蓝图,snipetron_vandal_blueprint
猎人骨锯,hunters_bonesaw
极速电磁步枪 枪管,velocitus_barrel
毒素抵抗,toxin_resistance
海波斯库拉对剑 prime 一套,nami_skyla_prime_set
皇家拐刃 prime 一套,kronen_prime_set
赫利俄斯 prime 系统,helios_prime_systems
延展,extend
热病打击 prime,primed_fever_strike
神威·触染,exodia_contagion
狂鲨 prime 一套,tiberon_prime_set
神威·流行病,exodia_epidemic
mirage prime 系统 蓝图,mirage_prime_systems_blueprint
mirage prime 蓝图,mirage_prime_blueprint
持续火力 prime,primed_quickdraw
机甲 充能,mecha_recharge
合成 纤维,synth_fiber
消音器,hush
重击巨锤 prime 锤头,fragor_prime_head
践踏,trample
合金钻头,metal_auger
盗贼大师,master_thief
冷冻包覆,cryo_coating
爆发质量,bursting_mass
提佩多 prime 一套,tipedo_prime_set
斩铁,true_steel
天启异象,four_riders
守望者 prime 蓝图,vectis_prime_blueprint
动物本能,animal_instinct
灼热光束,combustion_beam
哈库那瞄准镜,harkonar_scope
集气城市走道场景,gas_city_walkway_scene
集气城市死亡出口场景,gas_city_dead_exit_scene
空气动力,aerodynamic
atlas prime 一套,atlas_prime_set
铁钩手甲 prime 刀刃,tekko_prime_blade
铁钩手甲 prime 一套,tekko_prime_set
铁钩手甲 prime 蓝图,tekko_prime_blueprint
殁世机甲 蓄能重划,necramech_redirection
损坏的殁世机甲武器 枪管,damaged_necramech_weapon_barrel
损坏的殁世机甲武器 一套,damaged_necramech_weapon_set
损坏的殁世机甲武器 枪机,damaged_necramech_weapon_receiver
感染咬噬,infectious_bite
瘫痪孢子,paralytic_spores
月刃回溯,crescent_devolution
铁甲回溯,panzer_devolution
同化授粉,anabolic_pollination
顶级花式,primo_flair
喉骨刃者 倒刺,jugulus_barbs
重岩者 壳甲,saxum_carapace
以硬碰硬,hard_engage
雾化尾迹,vapor_trail
重岩者 唾液,saxum_spittle
损坏的殁世机甲武器 枪托,damaged_necramech_weapon_stock
殁世机甲 剑风,necramech_reach
殁世机甲 持久力,necramech_continuity
弧面型栓子凝石,cabochon_embolos
殁世机甲 钢铁纤维,necramech_steel_fiber
喉骨刃者 脊刺,jugulus_spines
损坏的殁世机甲 一套,damaged_necramech_set
高纯聚合荧石,purified_heciphron
疫病尖刺,viral_quills
肉碾虫 巨颚,carnis_mandible
损坏的殁世机甲 机舱,damaged_necramech_pod
殁世机甲 燃料补给,necramech_refuel
肉碾虫 针刺,carnis_stinger
月刃刺冲,crescent_charge
生存本能,survival_instinct
火卫二地下场景,deimos_underground_scene
火卫二魔胎之境场景,deimos_cambion_drift_scene
nezha prime 蓝图,nezha_prime_blueprint
关刀 prime 蓝图,guandao_prime_blueprint
连击杀手,combo_killer
奴仆契约,thrall_pact
暴击涌流,critical_surge
定理·缓和,theorem_demulcent
孢丝感染枪 蓝图,sporothrix_blueprint
殁世机甲 增效,necramech_efficiency
定理·感染,theorem_infection
疆南星刺 蓝图,arum_spinosa_blueprint
易爆速返,volatile_quick_return
混沌利爪,blending_talons
疆南星刺 护手,arum_spinosa_guard
疆南星刺 一套,arum_spinosa_set
孢丝感染枪 一套,sporothrix_set
残差·电击,residual_shock
烈焰风暴 prime,primed_firestorm
猛烈爆发 prime,primed_fulmination
骨骸寡妇 一套,bonewidow_set
骨骸寡妇 武器舱,bonewidow_weapon_pod
骨骸寡妇 外壳,bonewidow_casing
置灵者 枪托,morgha_stock
送葬者 枪管,cortege_barrel
殁世机甲 敌人感应,necramech_enemy_sense
送葬者 枪托,cortege_stock
殁世机甲 训戒,necramech_rebuke
送葬者 一套,cortege_set
骨骸寡妇 机舱,bonewidow_capsule
虚空锐将 一套,voidrig_set
殁世机甲 飞行员,necramech_aviator
阿耶檀识 hemakara 塑像,ayatan_hemakara_sculpture
棱晶·什长双枪,prisma_dual_decurions
塞多 枪管,cedo_barrel
塞多 枪机,cedo_receiver
塞多 一套,cedo_set
mirage prime 机体 蓝图,mirage_prime_chassis_blueprint
科加基 prime 蓝图,kogake_prime_blueprint
黄蜂螫刺,hornet_strike
席芭莉丝 prime 枪托,sybaris_prime_stock
矿石凝视,ore_gaze
私法 进攻,vigilante_offense
魔导·充盈,magus_replenish
猎人 协力,hunter_synergy
割裂羽翼,slicing_feathers
布莱顿·破坏者 枪机,braton_vandal_receiver
布莱顿·破坏者 枪托,braton_vandal_stock
花开怪奇,peculiar_bloom
chroma prime 一套,chroma_prime_set
防护型库狛 基因印记,raksa_kubrow_imprint
绝路 prime 一套,rubico_prime_set
格拉姆 prime 蓝图,gram_prime_blueprint
幽灵伏击,ambush
hunhow 大厅场景,hunhows_chamber_scene
月球拘禁场景,lua_containment_scene
落银树庭圣所场景,silver_grove_shrine_scene
合成 反射,synth_reflex
合成 解构,synth_deconstruct
取回,fetch
技法 强化,tek_enhance
崩毁浩劫,crashing_havoc
旋刃飞刀 prime 镖袋,spira_prime_pouch
晶管屏障,transistor_shield
填弹加速,shell_rush
希芙 蓝图,sheev_blueprint
希芙 握柄,sheev_hilt
banshee prime 一套,banshee_prime_set
vauban prime 一套,vauban_prime_set
mesa 的华尔兹,mesas_waltz
重击巨锤 prime 蓝图,fragor_prime_blueprint
inaros 之沙,sands_of_inaros
重击巨锤 prime 握柄,fragor_prime_handle
vauban prime 系统 蓝图,vauban_prime_systems_blueprint
炼狱轰击,scattering_inferno
死亡使徒 握柄,kaszas_handle
特斯拉电容,tesla_bank
导路龙骸,guided_effigy
持久圣约,lasting_covenant
刀翼闪击,razorwing_blitz
魔导·游云,magus_cloud
复仇,revenge
邪恶蓄力,corrupt_charge
均衡点,equilibrium
搬运者 prime 头部,carrier_prime_cerebrum
最终先驱,final_harbinger
伯斯顿 prime 一套,burston_prime_set
loki prime 一套,loki_prime_set
nova prime 一套,nova_prime_set
nyx prime 一套,nyx_prime_set
月神 prime 一套,soma_prime_set
迅速抽换,twitch
剧毒升腾,venomous_rise
肾上腺激素,adrenaline_boost
盲目射击,blind_shot
屠戮换弹,kill_switch
saryn prime 机体 蓝图,saryn_prime_chassis_blueprint
猎人 战备,hunter_munitions
狂鲨 prime 枪机,tiberon_prime_receiver
流星弹药,meteor_munitions
赋能·加速,arcane_acceleration
预言 探求,augur_seeker
片刻喘息,momentary_pause
永恒战意,eternal_war
螺钉步枪 prime 枪管,boltor_prime_barrel
角斗士 猛突,gladiator_rush
私法 活力,vigilante_vigor
布莱顿 prime 枪机,braton_prime_receiver
溢能感应,overcharge_detectors
纵观全局,overview
杀戮奖励,prize_kill
护盾速充,quick_charge
步枪弹药转换 prime,primed_rifle_ammo_mutation
剃刀弹药,razor_munitions
赋能·蜘蛛,arcane_arachne
赋能·动量,arcane_momentum
赋能·精确,arcane_precision
冷静与疯狂,calm_and_frenzy
和平挑衅,peaceful_provocation
saryn prime 系统 蓝图,saryn_prime_systems_blueprint
delta 信标,delta_beacon
侍刃 prime 蓝图,nikana_prime_blueprint
痊愈,recover
侍刃 prime 刀刃,nikana_prime_blade
火成碎流,pyroclastic_flow
通电刀刃,conductive_blade
zephyr prime 头部神经光元 蓝图,zephyr_prime_neuroptics_blueprint
zephyr prime 一套,zephyr_prime_set
狼鱼咬咬,gnashing_payara
皇家拐刃 prime 蓝图,kronen_prime_blueprint
狂鲨 prime 枪管,tiberon_prime_barrel
皇家拐刃 prime 刀刃,kronen_prime_blade
纯净之风,winds_of_purity
惩戒,retribution
火线电击,live_wire
ivara prime 一套,ivara_prime_set
数学证明片段,proof_fragment
强化箭袋,empowered_quiver
不竭贪婪,insatiable
强力切换,vigorous_swap
乏能迅敏,anemic_agility
翻滚防护,rolling_guard
枪口闪焰,muzzle_flash
grineer 森林水泵场景,grineer_forest_water_pump_scene
神威·力量,exodia_might
复仇真相,avenging_truth
mirage prime 头部神经光元 蓝图,mirage_prime_neuroptics_blueprint
teshin 的隐居处场景,teshins_refuge_scene
布里斯提卡 prime 上弓臂,ballistica_prime_upper_limb
双重弹头,dual_rounds
灵枢 刀刃,orvius_blade
过载弹匣,burdened_magazine
海波斯库拉对剑 prime 蓝图,nami_skyla_prime_blueprint
声波提升,sonic_boost
和平·电闪,pax_bolt
觉醒双枪 prime 一套,akjagara_prime_set
觉醒双枪 prime 连接器,akjagara_prime_link
魔导·热熔,magus_melt
坚决专注,resolute_focus
魔导·防火墙,magus_firewall
魔导·穿破,magus_destruct
枯竭诅咒,desiccations_curse
斯特拉迪瓦 prime 枪管,stradavar_prime_barrel
斯特拉迪瓦 prime 枪托,stradavar_prime_stock
修补套件,repair_kit
空飞 边际,aero_periphery
反重力阵列,anti_grav_array
空飞 灵巧,aero_agility
库娃的优雅,kavats_grace
静态力场,stasis_field
牵引光束,tractor_beam
质子 猛扑,proton_snap
通风小子俱乐部场景,ventkids_clubhouse_scene
集气城市玄关底层场景,gas_city_lower_foyer_scene
集气城市走廊场景,gas_city_corridors_scene
集气城市调节器场景,gas_city_regulators_scene
膛室 prime,primed_chamber
陨蜓 prime 机翼 蓝图,odonata_prime_wings_blueprint
狂暴追猎,seeking_fury
夜灵 naramon 晶体,eidolon_naramon_lens
流星撞击,meteor_crash
狂鲨 prime 枪托,tiberon_prime_stock
魔导·外壳,magus_husk
魔导·振奋,magus_elevate
猎人 复元,hunter_recovery
守护者,guardian
mirage prime 一套,mirage_prime_set
庇护烟幕,smoke_shadow
光谱切割器·破坏者 握柄,spectra_vandal_handle
光谱切割器·破坏者 蓝图,spectra_vandal_blueprint
碎裂爆破,shatter_burst
封隙量子,breach_quanta
束缚力场,tether
棱晶·双子小精灵,prisma_twin_gremlins
天界黄昏,celestial_nightfall
充电弹头 prime,primed_charged_shell
觉醒双枪 prime 枪管,akjagara_prime_barrel
带电子弹,charged_bullets
粒子冲撞,particle_ram
熄扰脉冲,blackout_pulse
覆壳弹药,sabot_rounds
绝路 prime 枪机,rubico_prime_receiver
迦伦提恩 prime 刀刃,galatine_prime_blade
格拉姆 prime 一套,gram_prime_set
圣洁·猛虎,sancti_tigris
绝路 prime 枪托,rubico_prime_stock
nekros prime 蓝图,nekros_prime_blueprint
trinity prime 系统 蓝图,trinity_prime_systems_blueprint
手枪增幅,pistol_amp
有备而来,preparation
titania prime 机体 蓝图,titania_prime_chassis_blueprint
科林斯 prime 枪托,corinth_prime_stock
科林斯 prime 蓝图,corinth_prime_blueprint
titania prime 系统 蓝图,titania_prime_systems_blueprint
殁世机甲 聚精会神,necramech_intensify
狂暴,fury
黄水晶解毒剂,citrine_antitoxin
病囊飞刃 下皮层,pathocyst_subcortex
atlas prime 系统 蓝图,atlas_prime_systems_blueprint
atlas prime 头部神经光元 蓝图,atlas_prime_neuroptics_blueprint
atlas prime 蓝图,atlas_prime_blueprint
死亡魔方 prime 系统,dethcube_prime_systems
食人鱼 prime 一套,pyrana_prime_set
残酷无息,savage_silence
割魂火圈,reaping_chakram
苏普拉·破坏者,supra_vandal
limbo prime 蓝图,limbo_prime_blueprint
布莱顿·破坏者 枪管,braton_vandal_barrel
破灭,ravage
技巧之剑 prime 蓝图,destreza_prime_blueprint
万能钥匙,master_key
视野之外,out_of_sight
khra,khra
lohk,lohk
血易弹药,blood_for_ammo
失效保险,failsafe
血易能量,blood_for_energy
xata,xata
分裂飞行,split_flights
格拉姆 prime 刀刃,gram_prime_blade
伏打电能,voltaic_strike
limbo prime 机体 蓝图,limbo_prime_chassis_blueprint
阿耶檀识 anasa 塑像,ayatan_anasa_sculpture
拉托·破坏者 枪机,lato_vandal_receiver
技法 猛袭,tek_assault
技法 引力,tek_gravity
技法 连带,tek_collateral
合成 充能,synth_charge
机甲 超载,mecha_overdrive
星辰分裂,star_divide
旋刃飞刀 prime 刀刃,spira_prime_blade
狙击特昂·破坏者 枪机,snipetron_vandal_receiver
能量力场,energy_field
黄道碎裂,zodiac_shred
空中推进,air_thrusters
重生 prime,primed_regen
步枪才能,rifle_aptitude
预言 契约,augur_pact
闪现急袭,fatal_teleport
长吻,proboscis
狂怒,furor
剧毒灾害,virulent_scourge
雷克斯 prime 枪机,lex_prime_receiver
斩杀悬浮板,slay_board
mesa prime 头部神经光元 蓝图,mesa_prime_neuroptics_blueprint
救赎者 prime 握柄,redeemer_prime_handle
关键焦点,critical_focus
弹链,ammo_chain
希图斯场景,cetus_scene
离子注入,ion_infusion
恶狼战锤握柄,wolf_sledge_handle
equinox prime 一套,equinox_prime_set
殁世机甲 震波,necramech_seismic_wave
殁世机甲 延伸,necramech_stretch
格拉努虚空场景,granum_void_scene
治愈羽箭,bhisaj_bal
殁世机甲 充能,necramech_deflection
植物学家,botanist
连击狂怒,combo_fury
关刀 prime 一套,guandao_prime_set
毒芽 prime 一套,zakti_prime_set
残差·燃沸,residual_boils
孢丝感染枪 枪机,sporothrix_receiver
殁世机甲 川流不息,necramech_flow
暴怒寄生,volatile_parasite
残差·毒血,residual_viremia
残差·恶嗅,residual_malodor
马赫崩毁,mach_crash
易爆反弹,volatile_rebound
孢丝感染枪 枪管,sporothrix_barrel
阿耶檀识 kitha 塑像,ayatan_kitha_sculpture
定理·触染,theorem_contagion
置灵者 枪机,morgha_receiver
送葬者 枪机,cortege_receiver
虚空锐将 引擎,voidrig_engine
殁世机甲 预言,necramech_augur
骨骸寡妇 引擎,bonewidow_engine
塞多 枪托,cedo_stock
适应,adaptation
神射手,sharpshooter
献出力量,power_donation
谨慎射击,cautious_shot
反转脉冲,counter_pulse
苍鹰 prime 枪管,baza_prime_barrel
轻灵月神双枪 prime 枪管,aksomati_prime_barrel
grendel 系统定位装置,grendel_systems_locator
光谱切割器·破坏者 机体,spectra_vandal_chassis
光谱切割器·破坏者 一套,spectra_vandal_set
毁灭 grineer prime,primed_smite_grineer
sentient 大厅场景,sentient_concourse_scene
grendel 机体定位装置,grendel_chassis_locator
火势抑制,fire_suppression
离子燃烧,ion_burn
战斗锻造,battle_forge
治愈玻片,mending_splinters
掠夺,despoil
包覆游云,enveloping_cloud
急流,jet_stream
黑鸦 枪管,corvas_barrel
无电流飞跃,no_current_leap
翼膜,patagium
棱晶·空刃,prisma_skana
野马 prime 一套,bronco_prime_set
星体切砍,astral_slash
zephyr prime 系统 蓝图,zephyr_prime_systems_blueprint
二元性状,duality
探推－挽拉,push_and_pull
高效传输,efficient_transferral
集气城市物流部门上层场景,gas_city_upper_logistics_scene
月球 zenurik 晶体,lua_zenurik_lens
天青石解毒剂,lapis_antitoxin
辰砂解毒剂,vermillion_antitoxin
暴露鱼叉,exposing_harpoon
高效光束,efficient_beams
同伴武器裂罅 mod (尚未揭开),companion_weapon_riven_mod_(veiled)
绿宝石解毒剂,beryl_antitoxin
细心瞄准,meticulous_aim
月球晶体 蓝图,lua_lens_blueprint
月球 madurai 晶体,lua_madurai_lens
黄玉解毒剂,topaz_antitoxin
紫水晶解毒剂,amethyst_antitoxin
月球 vazarin 晶体,lua_vazarin_lens
月球 naramon 晶体,lua_naramon_lens
赋能·坦克,arcane_tanker
赋能·枪炮,arcane_pistoleer
病囊飞刃 蓝图,pathocyst_blueprint
病囊飞刃 刀刃,pathocyst_blade
病囊飞刃 一套,pathocyst_set
集中箭矢,concentrated_arrow
ash prime 一套,ash_prime_set
limbo prime 头部神经光元 蓝图,limbo_prime_neuroptics_blueprint
能量转移,energy_transfer
笑面型库娃 基因印记,smeeta_kavat_imprint
chroma prime 蓝图,chroma_prime_blueprint
阿耶檀识 zambuka 塑像,ayatan_zambuka_sculpture
自动破解,auto_breach
无迹可寻,untraceable
vome,vome
fass,fass
双子蝰蛇·亡魂 枪管,twin_vipers_wraith_barrels
女侯爵赤色水晶,marquise_thyst
突击型库狛 基因印记,sahasa_kubrow_imprint
匿踪型库狛 基因印记,huras_kubrow_imprint
泪滴形填充细石,goblite_tears
氮气喷射,nitro_boost
极限加速,extreme_velocity
和平·电充,pax_charge
mesa prime 一套,mesa_prime_set
mesa prime 系统 蓝图,mesa_prime_systems_blueprint
mesa prime 机体 蓝图,mesa_prime_chassis_blueprint
魔导·复位,magus_revert
侵入停滞,intruder_stasis
超量打击,hyperstrike
捕食者,predator
锥型推进器,conic_nozzle
撕裂装填,ripload
尖幡 蓝图,pennant_blueprint
列阵归队,form_up
压制者 蓝图,quellor_blueprint
追踪齐射,seeker_volley
响应风暴,reactive_storm
枢议·重力奇点拟成枪,synoid_simulor
绝路 prime 蓝图,rubico_prime_blueprint
trinity prime 机体 蓝图,trinity_prime_chassis_blueprint
成长之力,growing_power
血易生命,blood_for_life
jahu,jahu
ris,ris
netra,netra
ivara prime 蓝图,ivara_prime_blueprint
轻灵月神双枪 prime 蓝图,aksomati_prime_blueprint
舍杜 握柄,shedu_handle
光谱切割器·破坏者 枪管,spectra_vandal_barrel
噬血型库娃 基因印记,vasca_kavat_imprint
毁灭奥罗金 prime,primed_smite_corrupted
grendel 头部神经光元定位装置,grendel_neuroptics_locator
前装光能炮,forward_artillery
弹药漩涡,munitions_vortex
lotus 大厅场景,chamber_of_the_lotus_scene
削甲手里剑,seeking_shuriken
电击加速,shocking_speed
赋能·复仇者,arcane_avenger
nekros prime 一套,nekros_prime_set
赋能·幻象,arcane_phantasm
nekros prime 系统 蓝图,nekros_prime_systems_blueprint
chroma prime 系统 蓝图,chroma_prime_systems_blueprint
终末使者,last_herald
赋能·愤怒,arcane_rage
chroma prime 机体 蓝图,chroma_prime_chassis_blueprint
迦伦提恩 prime 一套,galatine_prime_set
chroma prime 头部神经光元 蓝图,chroma_prime_neuroptics_blueprint
觉醒双枪 prime 蓝图,akjagara_prime_blueprint
菌株 感染,strain_infection
迅逃夭,quick_escape
虚空虹洞,void_hole
死亡绽放,death_blossom
sentient 祭坛场景,sentient_altar_scene
席尔火枪,zylok
迦伦提恩 prime 握柄,galatine_prime_handle
冷抵步,cold_arrival
怨怒报复,vexing_retaliation
魔导·封锁,magus_lockdown
寻猎型库狛 基因印记,chesa_kubrow_imprint
绯红·西诺斯,rakta_cernos
瞬满,pop_top
双短柄战镰 prime 刀刃,dual_kamas_prime_blade
平稳滑步,controlled_slide
补愈射击,mending_shot
铁甲翱翔,ironclad_flight
鲮鲤剑 prime 握柄,pangolin_prime_handle
科林斯 prime 一套,corinth_prime_set
鲮鲤剑 prime 蓝图,pangolin_prime_blueprint
超量载弹,overloader
科林斯 prime 枪管,corinth_prime_barrel
科林斯 prime 枪机,corinth_prime_receiver
损坏的殁世机甲 外壳,damaged_necramech_casing
星形殁世烯,stellated_necrathene
净化达戈琥珀,purged_dagonic
血注,transfusion
肉碾虫 壳甲,carnis_carapace
喉骨刃者 壳甲,jugulus_carapace
狡黠回溯,sly_devolution
爆破护盾,blast_shield
医疗菌丝,iatric_mycelium
火卫二隔离库场景,deimos_vault_scene
火卫二大厅场景,deimos_chamber_scene
火卫二突破场景,deimos_breakthrough_scene
殁世机甲 简化,necramech_streamline
grineer 帆船战舰货舱场景,grineer_galleon_cargo_scene
轨道飞行器场景,orbiter_scene
光能炮台场景,artillery_battery_scene
火卫二地穴场景,deimos_catacombs_scene
火卫二通道场景,deimos_tunnels_scene
剧毒射击,damzav_vati
真实击杀,hata_satya
无尽弹雨,zazvat_kar
corpus 贮藏所场景,corpus_depository_scene
殁世机甲 液压,necramech_hydraulics
殁世机甲 闪击,necramech_blitz
集气城市元素分配场景,gas_city_element_distribution_scene
殁世机甲 狂暴,necramech_fury
火卫二覆灭场景,deimos_downfall_scene
关刀 prime 刀刃,guandao_prime_blade
毒芽 prime 蓝图,zakti_prime_blueprint
关刀 prime 握柄,guandao_prime_handle
毒芽 prime 枪管,zakti_prime_barrel
nezha prime 系统 蓝图,nezha_prime_systems_blueprint
nezha prime 机体 蓝图,nezha_prime_chassis_blueprint
毒芽 prime 枪机,zakti_prime_receiver
nezha prime 头部神经光元 蓝图,nezha_prime_neuroptics_blueprint
nezha prime 一套,nezha_prime_set
殁世机甲 窜升,necramech_drift
孢丝感染枪 枪托,sporothrix_stock
疆南星刺 铆钉,arum_spinosa_rivet
忠勇共生,martyr_symbiosis
殁世机甲 摩擦,necramech_friction
殁世机甲 修复,necramech_repair
虚空锐将 外壳,voidrig_casing
置灵者 一套,morgha_set
天仓·悲痛之刃 蓝图,ceti_lacera_blueprint
殁世机甲 狂暴化,necramech_rage
置灵者 枪管,morgha_barrel
虚空锐将 机舱,voidrig_capsule
巴什穆 蓝图,basmu_blueprint
虚空锐将 武器舱,voidrig_weapon_pod
塞多 蓝图,cedo_blueprint
octavia prime 蓝图,octavia_prime_blueprint
双簧管 prime 蓝图,tenora_prime_blueprint
双簧管 prime 枪机,tenora_prime_receiver
手鼓 prime 一套,pandero_prime_set
双簧管 prime 枪托,tenora_prime_stock
双簧管 prime 一套,tenora_prime_set
手鼓 prime 枪管,pandero_prime_barrel
双簧管 prime 枪管,tenora_prime_barrel
octavia prime 机体 蓝图,octavia_prime_chassis_blueprint
octavia prime 头部神经光元 蓝图,octavia_prime_neuroptics_blueprint
手鼓 prime 枪机,pandero_prime_receiver
octavia prime 系统 蓝图,octavia_prime_systems_blueprint
手鼓 prime 蓝图,pandero_prime_blueprint
octavia prime 一套,octavia_prime_set
急冻控场 prime,primed_chilling_grasp
均衡点 (steam pinnacle pack),equilibrium_(steam_pinnacle_pack)
兽之印记,mark_of_the_beast
无刹的密牢 （钥匙）,nihils_oubliette_(key)
baro 虚空信号（钥匙）,baro_void_signal_(key)
安魂 iv 遗物,requiem_iv_relic
安魂 iii 遗物,requiem_iii_relic
安魂 ii 遗物,requiem_ii_relic
安魂 i 遗物,requiem_i_relic
后纪 h3 遗物,axi_h3_relic
后纪 o2 遗物,axi_o2_relic
后纪 k2 遗物,axi_k2_relic
后纪 r1 遗物,axi_r1_relic
后纪 b2 遗物,axi_b2_relic
后纪 l5 遗物,axi_l5_relic
后纪 p1 遗物,axi_p1_relic
后纪 m1 遗物,axi_m1_relic
后纪 d1 遗物,axi_d1_relic
后纪 g2 遗物,axi_g2_relic
后纪 o1 遗物,axi_o1_relic
后纪 v8 遗物,axi_v8_relic
后纪 h2 遗物,axi_h2_relic
后纪 c2 遗物,axi_c2_relic
后纪 a10 遗物,axi_a10_relic
后纪 t5 遗物,axi_t5_relic
后纪 t4 遗物,axi_t4_relic
后纪 g4 遗物,axi_g4_relic
后纪 h1 遗物,axi_h1_relic
后纪 s5 遗物,axi_s5_relic
后纪 v9 遗物,axi_v9_relic
后纪 e2 遗物,axi_e2_relic
后纪 s3 遗物,axi_s3_relic
后纪 b1 遗物,axi_b1_relic
后纪 e1 遗物,axi_e1_relic
后纪 a2 遗物,axi_a2_relic
后纪 t6 遗物,axi_t6_relic
后纪 c6 遗物,axi_c6_relic
后纪 w2 遗物,axi_w2_relic
后纪 a13 遗物,axi_a13_relic
后纪 o5 遗物,axi_o5_relic
后纪 s6 遗物,axi_s6_relic
后纪 c1 遗物,axi_c1_relic
后纪 s8 遗物,axi_s8_relic
后纪 v10 遗物,axi_v10_relic
后纪 s7 遗物,axi_s7_relic
后纪 z1 遗物,axi_z1_relic
后纪 v5 遗物,axi_v5_relic
后纪 a3 遗物,axi_a3_relic
后纪 v7 遗物,axi_v7_relic
后纪 c4 遗物,axi_c4_relic
后纪 l3 遗物,axi_l3_relic
后纪 h4 遗物,axi_h4_relic
后纪 r2 遗物,axi_r2_relic
后纪 a5 遗物,axi_a5_relic
后纪 s4 遗物,axi_s4_relic
后纪 v4 遗物,axi_v4_relic
后纪 l4 遗物,axi_l4_relic
后纪 a4 遗物,axi_a4_relic
后纪 l2 遗物,axi_l2_relic
后纪 o3 遗物,axi_o3_relic
后纪 k3 遗物,axi_k3_relic
后纪 g1 遗物,axi_g1_relic
后纪 t1 遗物,axi_t1_relic
后纪 a9 遗物,axi_a9_relic
后纪 p3 遗物,axi_p3_relic
后纪 d2 遗物,axi_d2_relic
后纪 b3 遗物,axi_b3_relic
后纪 a8 遗物,axi_a8_relic
后纪 w1 遗物,axi_w1_relic
后纪 b4 遗物,axi_b4_relic
后纪 c5 遗物,axi_c5_relic
后纪 a11 遗物,axi_a11_relic
后纪 n3 遗物,axi_n3_relic
后纪 v6 遗物,axi_v6_relic
后纪 n5 遗物,axi_n5_relic
后纪 n4 遗物,axi_n4_relic
后纪 v3 遗物,axi_v3_relic
后纪 n2 遗物,axi_n2_relic
后纪 v2 遗物,axi_v2_relic
后纪 k5 遗物,axi_k5_relic
后纪 t2 遗物,axi_t2_relic
后纪 s2 遗物,axi_s2_relic
后纪 l1 遗物,axi_l1_relic
后纪 a1 遗物,axi_a1_relic
后纪 n1 遗物,axi_n1_relic
后纪 o4 遗物,axi_o4_relic
后纪 k4 遗物,axi_k4_relic
后纪 c3 遗物,axi_c3_relic
后纪 k1 遗物,axi_k1_relic
后纪 a12 遗物,axi_a12_relic
后纪 h5 遗物,axi_h5_relic
后纪 v1 遗物,axi_v1_relic
后纪 t3 遗物,axi_t3_relic
后纪 g3 遗物,axi_g3_relic
后纪 r3 遗物,axi_r3_relic
后纪 a6 遗物,axi_a6_relic
后纪 p2 遗物,axi_p2_relic
后纪 a7 遗物,axi_a7_relic
后纪 n6 遗物,axi_n6_relic
后纪 s1 遗物,axi_s1_relic
中纪 z1 遗物,neo_z1_relic
中纪 b4 遗物,neo_b4_relic
中纪 k1 遗物,neo_k1_relic
中纪 n7 遗物,neo_n7_relic
中纪 b3 遗物,neo_b3_relic
中纪 n6 遗物,neo_n6_relic
中纪 r2 遗物,neo_r2_relic
中纪 z3 遗物,neo_z3_relic
中纪 s12 遗物,neo_s12_relic
中纪 b2 遗物,neo_b2_relic
中纪 o1 遗物,neo_o1_relic
中纪 s6 遗物,neo_s6_relic
中纪 v5 遗物,neo_v5_relic
中纪 r4 遗物,neo_r4_relic
中纪 m3 遗物,neo_m3_relic
中纪 p1 遗物,neo_p1_relic
中纪 i2 遗物,neo_i2_relic
中纪 b1 遗物,neo_b1_relic
中纪 s13 遗物,neo_s13_relic
中纪 n5 遗物,neo_n5_relic
中纪 r1 遗物,neo_r1_relic
中纪 t1 遗物,neo_t1_relic
中纪 s5 遗物,neo_s5_relic
中纪 n15 遗物,neo_n15_relic
中纪 b7 遗物,neo_b7_relic
中纪 p2 遗物,neo_p2_relic
中纪 z7 遗物,neo_z7_relic
中纪 n14 遗物,neo_n14_relic
中纪 g3 遗物,neo_g3_relic
中纪 n11 遗物,neo_n11_relic
中纪 n4 遗物,neo_n4_relic
中纪 v9 遗物,neo_v9_relic
中纪 n12 遗物,neo_n12_relic
中纪 e2 遗物,neo_e2_relic
中纪 z6 遗物,neo_z6_relic
中纪 s14 遗物,neo_s14_relic
中纪 n13 遗物,neo_n13_relic
中纪 d2 遗物,neo_d2_relic
中纪 v4 遗物,neo_v4_relic
中纪 v6 遗物,neo_v6_relic
中纪 m1 遗物,neo_m1_relic
中纪 s9 遗物,neo_s9_relic
中纪 m2 遗物,neo_m2_relic
中纪 z2 遗物,neo_z2_relic
中纪 n9 遗物,neo_n9_relic
中纪 a1 遗物,neo_a1_relic
中纪 v8 遗物,neo_v8_relic
中纪 b5 遗物,neo_b5_relic
中纪 v7 遗物,neo_v7_relic
中纪 n8 遗物,neo_n8_relic
中纪 l1 遗物,neo_l1_relic
中纪 v3 遗物,neo_v3_relic
中纪 v2 遗物,neo_v2_relic
中纪 g2 遗物,neo_g2_relic
中纪 r3 遗物,neo_r3_relic
中纪 z5 遗物,neo_z5_relic
中纪 i1 遗物,neo_i1_relic
中纪 t3 遗物,neo_t3_relic
中纪 n3 遗物,neo_n3_relic
中纪 h1 遗物,neo_h1_relic
中纪 s8 遗物,neo_s8_relic
中纪 s7 遗物,neo_s7_relic
中纪 s3 遗物,neo_s3_relic
中纪 d1 遗物,neo_d1_relic
中纪 c1 遗物,neo_c1_relic
中纪 n10 遗物,neo_n10_relic
中纪 s11 遗物,neo_s11_relic
中纪 e1 遗物,neo_e1_relic
中纪 f1 遗物,neo_f1_relic
中纪 v1 遗物,neo_v1_relic
中纪 n2 遗物,neo_n2_relic
中纪 h2 遗物,neo_h2_relic
中纪 a2 遗物,neo_a2_relic
中纪 g1 遗物,neo_g1_relic
中纪 k2 遗物,neo_k2_relic
中纪 n1 遗物,neo_n1_relic
中纪 b6 遗物,neo_b6_relic
中纪 s2 遗物,neo_s2_relic
中纪 a3 遗物,neo_a3_relic
中纪 z4 遗物,neo_z4_relic
中纪 t2 遗物,neo_t2_relic
中纪 a4 遗物,neo_a4_relic
中纪 s10 遗物,neo_s10_relic
中纪 s1 遗物,neo_s1_relic
前纪 t2 遗物,meso_t2_relic
前纪 t1 遗物,meso_t1_relic
前纪 o2 遗物,meso_o2_relic
前纪 s6 遗物,meso_s6_relic
前纪 m1 遗物,meso_m1_relic
前纪 v5 遗物,meso_v5_relic
前纪 n7 遗物,meso_n7_relic
前纪 k2 遗物,meso_k2_relic
前纪 a2 遗物,meso_a2_relic
前纪 n4 遗物,meso_n4_relic
前纪 s5 遗物,meso_s5_relic
前纪 o1 遗物,meso_o1_relic
前纪 c5 遗物,meso_c5_relic
前纪 r3 遗物,meso_r3_relic
前纪 e4 遗物,meso_e4_relic
前纪 v4 遗物,meso_v4_relic
前纪 n8 遗物,meso_n8_relic
前纪 s4 遗物,meso_s4_relic
前纪 n6 遗物,meso_n6_relic
前纪 n3 遗物,meso_n3_relic
前纪 f2 遗物,meso_f2_relic
前纪 t4 遗物,meso_t4_relic
前纪 d6 遗物,meso_d6_relic
前纪 p4 遗物,meso_p4_relic
前纪 o4 遗物,meso_o4_relic
前纪 s3 遗物,meso_s3_relic
前纪 n11 遗物,meso_n11_relic
前纪 d5 遗物,meso_d5_relic
前纪 g2 遗物,meso_g2_relic
前纪 c6 遗物,meso_c6_relic
前纪 v3 遗物,meso_v3_relic
前纪 k1 遗物,meso_k1_relic
前纪 h1 遗物,meso_h1_relic
前纪 m2 遗物,meso_m2_relic
前纪 a1 遗物,meso_a1_relic
前纪 z2 遗物,meso_z2_relic
前纪 p1 遗物,meso_p1_relic
前纪 b3 遗物,meso_b3_relic
前纪 c2 遗物,meso_c2_relic
前纪 o3 遗物,meso_o3_relic
前纪 s7 遗物,meso_s7_relic
前纪 b2 遗物,meso_b2_relic
前纪 z1 遗物,meso_z1_relic
前纪 d2 遗物,meso_d2_relic
前纪 f1 遗物,meso_f1_relic
前纪 s2 遗物,meso_s2_relic
前纪 l1 遗物,meso_l1_relic
前纪 c4 遗物,meso_c4_relic
前纪 r2 遗物,meso_r2_relic
前纪 n9 遗物,meso_n9_relic
前纪 b4 遗物,meso_b4_relic
前纪 i1 遗物,meso_i1_relic
前纪 k3 遗物,meso_k3_relic
前纪 n10 遗物,meso_n10_relic
前纪 p3 遗物,meso_p3_relic
前纪 p2 遗物,meso_p2_relic
前纪 s1 遗物,meso_s1_relic
前纪 g1 遗物,meso_g1_relic
前纪 c3 遗物,meso_c3_relic
前纪 n5 遗物,meso_n5_relic
前纪 v1 遗物,meso_v1_relic
前纪 b1 遗物,meso_b1_relic
前纪 e2 遗物,meso_e2_relic
前纪 z3 遗物,meso_z3_relic
前纪 m3 遗物,meso_m3_relic
前纪 f3 遗物,meso_f3_relic
前纪 e1 遗物,meso_e1_relic
前纪 n2 遗物,meso_n2_relic
前纪 v2 遗物,meso_v2_relic
前纪 r1 遗物,meso_r1_relic
前纪 d3 遗物,meso_d3_relic
前纪 t3 遗物,meso_t3_relic
前纪 s8 遗物,meso_s8_relic
前纪 c1 遗物,meso_c1_relic
前纪 e5 遗物,meso_e5_relic
前纪 n1 遗物,meso_n1_relic
前纪 e3 遗物,meso_e3_relic
前纪 d4 遗物,meso_d4_relic
前纪 w1 遗物,meso_w1_relic
前纪 v6 遗物,meso_v6_relic
前纪 s9 遗物,meso_s9_relic
前纪 d1 遗物,meso_d1_relic
古纪 h2 遗物,lith_h2_relic
古纪 z1 遗物,lith_z1_relic
古纪 b1 遗物,lith_b1_relic
古纪 a2 遗物,lith_a2_relic
古纪 l1 遗物,lith_l1_relic
古纪 w1 遗物,lith_w1_relic
古纪 v4 遗物,lith_v4_relic
古纪 s6 遗物,lith_s6_relic
古纪 n3 遗物,lith_n3_relic
古纪 n4 遗物,lith_n4_relic
古纪 m5 遗物,lith_m5_relic
古纪 c6 遗物,lith_c6_relic
古纪 c5 遗物,lith_c5_relic
古纪 v6 遗物,lith_v6_relic
古纪 v3 遗物,lith_v3_relic
古纪 b4 遗物,lith_b4_relic
古纪 n2 遗物,lith_n2_relic
古纪 g1 遗物,lith_g1_relic
古纪 i1 遗物,lith_i1_relic
古纪 t5 遗物,lith_t5_relic
古纪 g3 遗物,lith_g3_relic
古纪 b8 遗物,lith_b8_relic
古纪 d4 遗物,lith_d4_relic
古纪 t3 遗物,lith_t3_relic
古纪 s9 遗物,lith_s9_relic
古纪 s5 遗物,lith_s5_relic
古纪 c7 遗物,lith_c7_relic
古纪 k4 遗物,lith_k4_relic
古纪 t4 遗物,lith_t4_relic
古纪 n6 遗物,lith_n6_relic
古纪 b7 遗物,lith_b7_relic
古纪 p5 遗物,lith_p5_relic
古纪 d3 遗物,lith_d3_relic
古纪 n5 遗物,lith_n5_relic
古纪 p4 遗物,lith_p4_relic
古纪 s4 遗物,lith_s4_relic
古纪 s7 遗物,lith_s7_relic
古纪 c2 遗物,lith_c2_relic
古纪 k2 遗物,lith_k2_relic
古纪 b6 遗物,lith_b6_relic
古纪 m3 遗物,lith_m3_relic
古纪 c4 遗物,lith_c4_relic
古纪 m2 遗物,lith_m2_relic
古纪 v2 遗物,lith_v2_relic
古纪 o2 遗物,lith_o2_relic
古纪 p1 遗物,lith_p1_relic
古纪 t2 遗物,lith_t2_relic
古纪 v5 遗物,lith_v5_relic
古纪 b3 遗物,lith_b3_relic
古纪 n1 遗物,lith_n1_relic
古纪 k1 遗物,lith_k1_relic
古纪 c1 遗物,lith_c1_relic
古纪 w2 遗物,lith_w2_relic
古纪 s10 遗物,lith_s10_relic
古纪 p3 遗物,lith_p3_relic
古纪 d2 遗物,lith_d2_relic
古纪 m6 遗物,lith_m6_relic
古纪 s3 遗物,lith_s3_relic
古纪 h1 遗物,lith_h1_relic
古纪 b2 遗物,lith_b2_relic
古纪 t1 遗物,lith_t1_relic
古纪 a1 遗物,lith_a1_relic
古纪 m1 遗物,lith_m1_relic
古纪 p2 遗物,lith_p2_relic
古纪 a3 遗物,lith_a3_relic
古纪 m4 遗物,lith_m4_relic
古纪 g2 遗物,lith_g2_relic
古纪 f2 遗物,lith_f2_relic
古纪 v1 遗物,lith_v1_relic
古纪 b5 遗物,lith_b5_relic
古纪 c3 遗物,lith_c3_relic
古纪 z2 遗物,lith_z2_relic
古纪 o1 遗物,lith_o1_relic
古纪 f1 遗物,lith_f1_relic
古纪 m7 遗物,lith_m7_relic
古纪 k5 遗物,lith_k5_relic
古纪 s2 遗物,lith_s2_relic
古纪 k3 遗物,lith_k3_relic
古纪 d1 遗物,lith_d1_relic
古纪 l2 遗物,lith_l2_relic
古纪 s8 遗物,lith_s8_relic
古纪 v8 遗物,lith_v8_relic
古纪 v7 遗物,lith_v7_relic
古纪 s1 遗物,lith_s1_relic
水肺,aquapulmo
奥斯蒂剑鱼,ostimyr
璃化脊鳎,vitreospina
墓沼隐龙,cryptosuctus
倒刺蒂鳌,barbisteo
高额异鳍,kymaeros
针刺长鳄,amniophysi
额叶鲤,lobotriscid
须腔棘鱼,flagellocanth
狍鸮胶蛳,glutinox
独角米索鳎,myxostomata
韧铠灵鲷,duroid
骨锥琼鲷,chondricord
查克鳗,charc_eel
古泊拉,goopolla
阴暗鳐,murkray
鲨客,sharrac
卡其那,karkina
喉鱼,mawfish
库特-库特,khut_khut
约格温,yogwun
塔洛,tralok
摩图斯肺鱼,mortus_lungfish
盖拉佩德,glappid
诺格,norg
克苏尔,cuthol
污泥环绕者,mirewinder
液集者,sapcaddy
目—目,eye_eye
回声环绕者,echowinder
砖瓦匠,brickie
磷虾杀手,kriller
海龙,synathid
重筑虾,charamote
多目鳗,tromyzon
洗涤者,scrubber
修补机,tink
续播机,recaster
长型环绕者,longwinder
失血,hemorrhage
万用自修,auto_omni
埋首猛击,votive_onslaught
防线封锁,cordon
内部出血,internal_bleeding
固盾火力,fortifying_fire
鹦鹉螺 头部,nautilus_cerebrum
鹦鹉螺 蓝图,nautilus_blueprint
防护射击,protective_shots
猩红逐击,crimson_fugue
苦痛弹头,scourging_warheads
蠕虫熬煎,worms_torment
防御火力,defensive_fire
能量调谐矩阵,orgone_tuning_matrix
不屈矩阵,indomitable_matrix
鹦鹉螺 一套,nautilus_set
铁甲矩阵,ironclad_matrix
格拉努之劲敌,granums_nemesis
强攻矩阵,onslaught_matrix
波段干扰,waveband_disruptor
鹦鹉螺 外壳,nautilus_carapace
劫袭矩阵,raider_matrix
凤凰烈焰,phoenix_blaze
鹦鹉螺 系统,nautilus_systems
嫣红·潘塔 枪机,carmine_penta_receiver
嫣红·潘塔 枪托,carmine_penta_stock
嫣红·潘塔 枪管,carmine_penta_barrel
嫣红·潘塔 蓝图,carmine_penta_blueprint
嫣红·潘塔 一套,carmine_penta_set
阿索代 蓝图,athodai_blueprint
阿索代 枪管,athodai_barrel
阿索代 枪机,athodai_receiver
阿索代 一套,athodai_set
哈利卡·亡魂,halikar_wraith
葬铭 枪机,epitaph_receiver
葬铭 一套,epitaph_set
葬铭 枪管,epitaph_barrel
葬铭 蓝图,epitaph_blueprint
火卫二深处场景,deimos_depths_scene
火卫二之“心”场景,deimos_heart_scene
火卫二岩坑场景,deimos_cenote_scene
火卫二土窖场景,deimos_crypt_scene
感染船舰全息场景,infested_ship_hologram_scene
幽寒归处场景,the_cold_below_scene
火卫二遗弃场景,deimos_forsaken_scene
火卫二膜质场景,deimos_membrane_scene
火卫二边缘场景,deimos_verge_scene
后纪 g5 遗物,axi_g5_relic
中纪 k3 遗物,neo_k3_relic
中纪 z8 遗物,neo_z8_relic
前纪 r4 遗物,meso_r4_relic
古纪 c8 遗物,lith_c8_relic
古纪 t6 遗物,lith_t6_relic
土星六号场景,saturn_six_scene
前纪 p5 遗物,meso_p5_relic
古纪 k6 遗物,lith_k6_relic
后纪 g6 遗物,axi_g6_relic
创伤 prime 握柄,volnus_prime_handle
创伤 prime 锤头,volnus_prime_head
中纪 t4 遗物,neo_t4_relic
前纪 t5 遗物,meso_t5_relic
前纪 z4 遗物,meso_z4_relic
中纪 v10 遗物,neo_v10_relic
gara prime 蓝图,gara_prime_blueprint
创伤 prime 一套,volnus_prime_set
gara prime 一套,gara_prime_set
gara prime 头部神经光元 蓝图,gara_prime_neuroptics_blueprint
gara prime 系统 蓝图,gara_prime_systems_blueprint
碎裂者 prime 蓝图,astilla_prime_blueprint
后纪 n7 遗物,axi_n7_relic
碎裂者 prime 枪机,astilla_prime_receiver
碎裂者 prime 枪管,astilla_prime_barrel
碎裂者 prime 一套,astilla_prime_set
古纪 a4 遗物,lith_a4_relic
后纪 i1 遗物,axi_i1_relic
碎裂者 prime 枪托,astilla_prime_stock
创伤 prime 蓝图,volnus_prime_blueprint
中纪 a5 遗物,neo_a5_relic
gara prime 机体 蓝图,gara_prime_chassis_blueprint
古纪 g4 遗物,lith_g4_relic
修复支援,repair_dispensary
战术上膛 prime,primed_tactical_pump
空爆弹,airburst_rounds
中纪 d3 遗物,neo_d3_relic
融合储能池,fused_reservoir
丰盛滋养,hearty_nourishment
后纪 t7 遗物,axi_t7_relic
棱晶·马谢特砍刀,prisma_machete
奥堤克光子枪·破坏者,opticor_vandal
镀层 地狱弹膛,galvanized_hell
恶毒指令,malicious_code
塞拉脚架 蓝图,cela_bracket_blueprint
推诿否认,evasive_denial
镀层 弹头扩散,galvanized_diffusion
迅捷怜悯,swift_mercy
万兹稳定器 蓝图,wanz_stabilizer_blueprint
镀层 步枪才能,galvanized_aptitude
乍布脚架 蓝图,zubb_bracket_blueprint
骸克猎犬 蓝图,hec_hound_blueprint
镀层 氩晶瞄具,galvanized_scope
镀层 致死加速,galvanized_acceleration
力量汲取,power_drain
制衡,counterbalance
辛塔稳定器,hinta_stabilizer
回购审计,repo_audit
镀层 液压准心,galvanized_crosshairs
加姆核心 蓝图,garmr_core_blueprint
重点招股,focused_prospectus
铎玛猎犬 蓝图,dorma_hound_blueprint
硬重启,hard_reset
拜拉猎犬 蓝图,bhaira_hound_blueprint
镀层 准确射手,galvanized_shot
反射否认,reflex_denial
艾莱核心 蓝图,adlet_core_blueprint
空中招股,aerial_prospectus
协同招股,synergized_prospectus
锐克稳定器 蓝图,frak_stabilizer_blueprint
莱胡核心 蓝图,raiju_core_blueprint
防火墙,firewall
镀层 通晓霰弹枪,galvanized_savvy
厄加脚架 蓝图,urga_bracket_blueprint
虚无审计,null_audit
oull,oull
多元否认,diversified_denial
均衡审计,equilibrium_audit
镀层 分裂膛室,galvanized_chamber
新世间战斗表情动作,new_loka_combat_emote
中枢苏达操纵表情动作,cephalon_suda_piloting_emote
血色面纱胸甲,red_veil_chest_piece
佩兰数列操纵表情动作,perrin_piloting_emote
中枢苏达胸甲,suda_chest_piece
均衡仲裁者操纵表情动作,arbiters_piloting_emote
血色面纱护膝,red_veil_knee_guards
次要·无情,secondary_merciless
主要·无情,primary_merciless
钢铁防线胸甲,meridian_chest_plate
meridian armor set,meridian_armor_set
钢铁防线臂甲,meridian_arm_spurs
中枢苏达枪炮表情动作,cephalon_suda_gunnery_emote
索拉里斯腿甲,solaris_leg_spurs
新世间膝甲,lokan_knee_spurs
均衡仲裁者战斗表情动作,arbiters_combat_emote
钢铁防线战斗表情动作,steel_meridian_combat_emote
钢铁防线操纵表情动作,steel_meridian_piloting_emote
次要·熟练,secondary_dexterity
新世间臂甲,lokan_arm_plates
中枢苏达腿甲,suda_leg_spurs
钢铁防线耐力表情动作,steel_meridian_endurance_emote
perrin armor set,perrin_armor_set
ostron 护胸,ostron_chest_guard
中枢苏达耐力表情动作,cephalon_suda_endurance_emote
佩兰数列护腿,perrin_leg_guards
均衡仲裁者胸甲,hexis_chest_plate
中枢苏达臂甲,suda_arm_spurs
suda armor set,suda_armor_set
佩兰数列胸甲,perrin_chest_piece
佩兰数列耐力表情动作,perrin_endurance_emote
均衡仲裁者臂甲,hexis_arm_plates
索拉里斯胸印,solaris_chest_marker
solaris armor set,solaris_armor_set
血色面纱工程表情动作,red_veil_engineering_emote
新世间工程表情动作,new_loka_engineering_emote
血色面纱臂章,red_veil_arm_insignia
lokan armor set,lokan_armor_set
新世间操纵表情动作,new_loka_piloting_emote
索拉里斯护套,solaris_arm_guards
均衡仲裁者工程表情动作,arbiters_engineering_emote
ostron armor set,ostron_armor_set
佩兰数列护套,perrin_arm_guards
新世间胸甲,lokan_chest_piece
均衡仲裁者膝甲,hexis_spurs
中枢苏达工程表情动作,cephalon_suda_engineering_emote
hexis armor set,hexis_armor_set
均衡仲裁者枪炮表情动作,arbiters_gunnery_emote
新世间耐力表情动作,new_loka_endurance_emote
均衡仲裁者耐力表情动作,arbiters_endurance_emote
次要·死首,secondary_deadhead
钢铁防线枪炮表情动作,steel_meridian_gunnery_emote
ostron 护腿,ostron_leg_guards
钢铁防线腿甲,meridian_leg_spurs
ostron 护套,ostron_arm_guards
中枢苏达战斗表情动作,cephalon_suda_combat_emote
血色面纱操纵表情动作,red_veil_piloting_emote
主要·死首,primary_deadhead
red veil armor set,red_veil_armor_set
主要·熟练,primary_dexterity
使节 枪管,ambassador_barrel
使节 一套,ambassador_set
使节 枪机,ambassador_receiver
使节 枪托,ambassador_stock
使节 蓝图,ambassador_blueprint
nidus prime 蓝图,nidus_prime_blueprint
前纪 b5 遗物,meso_b5_relic
中纪 n17 遗物,neo_n17_relic
斯特朗 prime 一套,strun_prime_set
前纪 s10 遗物,meso_s10_relic
古纪 k7 遗物,lith_k7_relic
古纪 n8 遗物,lith_n8_relic
中纪 p3 遗物,neo_p3_relic
麦格努斯 prime 一套,magnus_prime_set
弹匣增幅 prime,primed_magazine_warp
后纪 m2 遗物,axi_m2_relic
nidus prime 一套,nidus_prime_set
斯特朗 prime 蓝图,strun_prime_blueprint
后纪 i2 遗物,axi_i2_relic
屠戮盛宴,butchers_revelry
麦格努斯 prime 蓝图,magnus_prime_blueprint
古纪 n7 遗物,lith_n7_relic
斯特朗 prime 枪机,strun_prime_receiver
前纪 b6 遗物,meso_b6_relic
中纪 t5 遗物,neo_t5_relic
斯特朗 prime 枪管,strun_prime_barrel
nidus prime 系统 蓝图,nidus_prime_systems_blueprint
斯特朗 prime 枪托,strun_prime_stock
古纪 t7 遗物,lith_t7_relic
后纪 a14 遗物,axi_a14_relic
nidus prime 头部神经光元 蓝图,nidus_prime_neuroptics_blueprint
nidus prime 机体 蓝图,nidus_prime_chassis_blueprint
麦格努斯 prime 枪机,magnus_prime_receiver
麦格努斯 prime 枪管,magnus_prime_barrel
中纪 n16 遗物,neo_n16_relic
尸鬼电锯 锯片,ghoulsaw_blade_blueprint
尸鬼电锯 握把,ghoulsaw_grip_blueprint
尸鬼电锯 引擎,ghoulsaw_engine_blueprint
尸鬼电锯 一套,ghoulsaw_set
尸鬼电锯 机体,ghoulsaw_chassis_blueprint
尸鬼电锯 蓝图,ghoulsaw_blueprint
霰弹扩充 prime,primed_ammo_stock
瓦斯提枪刃,vastilok
血吸之握,vampiric_grasp
强者祝福,champions_blessing
古纪 l3 遗物,lith_l3_relic
迅猛之咬,swift_bite
前纪 b7 遗物,meso_b7_relic
前纪 p6 遗物,meso_p6_relic
中纪 a6 遗物,neo_a6_relic
中纪 h3 遗物,neo_h3_relic
古纪 r1 遗物,lith_r1_relic
无情失落,the_relentless_lost
古纪 k8 遗物,lith_k8_relic
中纪 d4 遗物,neo_d4_relic
后纪 d3 遗物,axi_d3_relic
后纪 m3 遗物,axi_m3_relic
古纪 n9 遗物,lith_n9_relic
后纪 p4 遗物,axi_p4_relic
丧钟 prime 一套,knell_prime_set
诡文枭主之鄙,boreals_contempt
混沌蛇主之苦,niras_anguish
前纪 a3 遗物,meso_a3_relic
后纪 s9 遗物,axi_s9_relic
欺谋狼主之鄙,amars_contempt
祸根 prime 刀刃,scourge_prime_blade
古纪 t8 遗物,lith_t8_relic
harrow prime 蓝图,harrow_prime_blueprint
harrow prime 一套,harrow_prime_set
前纪 g3 遗物,meso_g3_relic
前纪 i2 遗物,meso_i2_relic
欺谋狼主之苦,amars_anguish
混沌蛇主之恨,niras_hatred
丧钟 prime 枪管,knell_prime_barrel
后纪 t8 遗物,axi_t8_relic
古纪 h3 遗物,lith_h3_relic
后纪 c7 遗物,axi_c7_relic
harrow prime 头部神经光元 蓝图,harrow_prime_neuroptics_blueprint
祸根 prime 枪管,scourge_prime_barrel
丧钟 prime 蓝图,knell_prime_blueprint
诡文枭主之恨,boreals_hatred
古纪 s11 遗物,lith_s11_relic
中纪 k4 遗物,neo_k4_relic
中纪 n18 遗物,neo_n18_relic
欺谋狼主之恨,amars_hatred
古纪 t9 遗物,lith_t9_relic
诡文枭主之苦,boreals_anguish
harrow prime 机体 蓝图,harrow_prime_chassis_blueprint
祸根 prime 一套,scourge_prime_set
混沌蛇主之鄙,niras_contempt
后纪 k6 遗物,axi_k6_relic
harrow prime 系统 蓝图,harrow_prime_systems_blueprint
古纪 c9 遗物,lith_c9_relic
祸根 prime 握柄,scourge_prime_handle
丧钟 prime 枪机,knell_prime_receiver
祸根 prime 蓝图,scourge_prime_blueprint
前纪 s11 遗物,meso_s11_relic
热能传递,thermal_transfer
中纪 p4 遗物,neo_p4_relic
美食家,gourmand
「布拉喀萨」王座圣殿场景,praghasa_throne_room_scene
涌流之刃,surging_blades
刺骨寒霜,biting_frost
古纪 n10 遗物,lith_n10_relic
狙击枪弹药转换 prime,primed_sniper_ammo_mutation
garuda prime 机体 蓝图,garuda_prime_chassis_blueprint
黑鸦 prime 一套,corvas_prime_set
古纪 n11 遗物,lith_n11_relic
噬蛇弩 prime 一套,nagantaka_prime_set
后纪 k7 遗物,axi_k7_relic
古纪 s12 遗物,lith_s12_relic
黑鸦 prime 枪管,corvas_prime_barrel
黑鸦 prime 蓝图,corvas_prime_blueprint
噬蛇弩 prime 枪机,nagantaka_prime_receiver
噬蛇弩 prime 蓝图,nagantaka_prime_blueprint
古纪 h4 遗物,lith_h4_relic
黑鸦 prime 枪托,corvas_prime_stock
噬蛇弩 prime 枪托,nagantaka_prime_stock
garuda prime 系统 蓝图,garuda_prime_systems_blueprint
前纪 g4 遗物,meso_g4_relic
后纪 s11 遗物,axi_s11_relic
古纪 z3 遗物,lith_z3_relic
黑鸦 prime 枪机,corvas_prime_receiver
后纪 s10 遗物,axi_s10_relic
古纪 g5 遗物,lith_g5_relic
前纪 p7 遗物,meso_p7_relic
古纪 n12 遗物,lith_n12_relic
噬蛇弩 prime 枪管,nagantaka_prime_barrel
garuda prime 一套,garuda_prime_set
中纪 n20 遗物,neo_n20_relic
garuda prime 头部神经光元 蓝图,garuda_prime_neuroptics_blueprint
前纪 n12 遗物,meso_n12_relic
后纪 g7 遗物,axi_g7_relic
中纪 c2 遗物,neo_c2_relic
中纪 m4 遗物,neo_m4_relic
garuda prime 蓝图,garuda_prime_blueprint
扎里曼羽化之穹场景,zariman_chrysalith_scene
扎里曼圣物装置场景,zariman_reliquary_drive_scene
扎里曼月动球场场景,zariman_lunaro_court_scene
始现·消散,emergence_dissipate
蜕化·活力,molt_vigor
狂风压境,galeforce_dawn
扎里曼货舱场景,zariman_cargo_bay_scene
扎里曼校园场景,zariman_schoolyard_scene
扎里曼天使栖息场景,zariman_angel_roost_scene
扎里曼幽静花园场景,zariman_serenity_levels_scene
始现·新生,emergence_renewed
扎里曼居住舱场景,zariman_dormizone_scene
永恒·湮灭,eternal_eradicate
扎里曼律典大厅场景,zariman_hall_of_legems_scene
扎里曼牢房场景,zariman_brig_scene
扎里曼阿尔布雷希特公园场景,zariman_albrecht_park_scene
蜕化·效能,molt_efficiency
始现·救世,emergence_savior
扎里曼农业区场景,zariman_agri_zone_scene
扎里曼停泊区场景,zariman_docking_bay_scene
瀑流·溢能,cascadia_overcharge
优势距离,range_advantage
战斗装填,combat_reload
扎里曼居住区场景,zariman_habitation_zone_scene
扎里曼圆形剧院场景,zariman_amphitheatre_scene
奏凯 蓝图,laetum_blueprint
风鸣 枪机 蓝图,aeolak_receiver_blueprint
暮斩 握柄 蓝图,hespar_handle_blueprint
双雄 蓝图,praedos_blueprint
风鸣 枪管 蓝图,aeolak_barrel_blueprint
风鸣 一套,aeolak_set
暮斩 一套,hespar_set
暮斩 刀刃 蓝图,hespar_blade_blueprint
风鸣 枪托 蓝图,aeolak_stock_blueprint
凤殁 蓝图,phenmor_blueprint
永恒·猛攻,eternal_onslaught
三伏天夜晚场景,dog_days_night_scene
清刚 蓝图,innodem_blueprint
逐枭 蓝图,felarx_blueprint
蜕化·重塑,molt_reconstruct
蜕化·升腾,molt_augmented
星察 一套,parallax_set
永恒·流转,eternal_logistics
星察飞航系统 蓝图,parallax_avionics_blueprint
星察引擎 蓝图,parallax_engines_blueprint
星察机身 蓝图,parallax_fuselage_blueprint
瀑流·强化,cascadia_empowered
棱晶 阴影 一套,prisma_shade_set
分形·重置,fractalized_reset
瀑流·耀炎,cascadia_flare
棱晶 激光点发,prisma_burst_laser
瀑流·精准,cascadia_accuracy
月刃狐帕菲拉 基因印记,crescent_vulpaphyla_imprint
狡黠狐帕菲拉 基因印记,sly_vulpaphyla_imprint
守卫扑猎达赛 基因印记,medjay_predasite_imprint
宰相扑猎达赛 基因印记,vizier_predasite_imprint
铁甲狐帕菲拉 基因印记,panzer_vulpaphyla_imprint
法老扑猎达赛 基因印记,pharaoh_predasite_imprint
豪猪 prime 蓝图,hystrix_prime_blueprint
后纪 k10 遗物,axi_k10_relic
后纪 n8 遗物,axi_n8_relic
前纪 o5 遗物,meso_o5_relic
前纪 p8 遗物,meso_p8_relic
中纪 n21 遗物,neo_n21_relic
khora prime 机体 蓝图,khora_prime_chassis_blueprint
凯瑞斯双刀 prime 一套,dual_keres_prime_set
后纪 k9 遗物,axi_k9_relic
豪猪 prime 一套,hystrix_prime_set
后纪 g8 遗物,axi_g8_relic
前纪 h3 遗物,meso_h3_relic
凯瑞斯双刀 prime 握柄,dual_keres_prime_handle
khora prime 一套,khora_prime_set
khora prime 蓝图,khora_prime_blueprint
中纪 g4 遗物,neo_g4_relic
豪猪 prime 枪机,hystrix_prime_receiver
中纪 d5 遗物,neo_d5_relic
古纪 k9 遗物,lith_k9_relic
后纪 k8 遗物,axi_k8_relic
邪恶释放,vile_discharge
前纪 h2 遗物,meso_h2_relic
豪猪 prime 枪管,hystrix_prime_barrel
前纪 v7 遗物,meso_v7_relic
khora prime 头部神经光元 蓝图,khora_prime_neuroptics_blueprint
凯瑞斯双刀 prime 蓝图,dual_keres_prime_blueprint
中纪 s15 遗物,neo_s15_relic
后纪 s12 遗物,axi_s12_relic
致命精准,critical_precision
khora prime 系统 蓝图,khora_prime_systems_blueprint
凯瑞斯双刀 prime 刀刃,dual_keres_prime_blade
观众怪奇,peculiar_audience
执刑官 聚精会神,archon_intensify
古纪 n13 遗物,lith_n13_relic
中纪 z9 遗物,neo_z9_relic
执刑官 持久力,archon_continuity
前纪 w2 遗物,meso_w2_relic
中纪 e3 遗物,neo_e3_relic
执刑官 川流不息,archon_flow
执刑官 生命力,archon_vitality
后纪 t9 遗物,axi_t9_relic
执刑官 延伸,archon_stretch
古纪 s13 遗物,lith_s13_relic
古纪 h6 遗物,lith_h6_relic
龙辰 prime 刀刃,tatsu_prime_blade
中纪 t6 遗物,neo_t6_relic
前纪 p10 遗物,meso_p10_relic
revenant prime 机体 蓝图,revenant_prime_chassis_blueprint
revenant prime 系统 蓝图,revenant_prime_systems_blueprint
龙辰 prime 一套,tatsu_prime_set
龙辰 prime 蓝图,tatsu_prime_blueprint
前纪 n13 遗物,meso_n13_relic
revenant prime 一套,revenant_prime_set
幻离子 prime 枪管,phantasma_prime_barrel
古纪 p6 遗物,lith_p6_relic
revenant prime 头部神经光元 蓝图,revenant_prime_neuroptics_blueprint
龙辰 prime 握柄,tatsu_prime_handle
前纪 k4 遗物,meso_k4_relic
幻离子 prime 蓝图,phantasma_prime_blueprint
幻离子 prime 一套,phantasma_prime_set
古纪 h5 遗物,lith_h5_relic
后纪 t10 遗物,axi_t10_relic
幻离子 prime 枪机,phantasma_prime_receiver
后纪 n9 遗物,axi_n9_relic
古纪 r2 遗物,lith_r2_relic
revenant prime 蓝图,revenant_prime_blueprint
前纪 p9 遗物,meso_p9_relic
古纪 s14 遗物,lith_s14_relic
幻离子 prime 枪托,phantasma_prime_stock
古纪 b9 遗物,lith_b9_relic
后纪 a15 遗物,axi_a15_relic
后纪 s13 遗物,axi_s13_relic
中纪 s16 遗物,neo_s16_relic
中纪 i3 遗物,neo_i3_relic
前纪 o6 遗物,meso_o6_relic
真月武扇,vericres
联结·电压,conjunction_voltage
主要·霜冻,primary_frostbite
赋能·崛起,arcane_rise
月面狂风 一套,perigale_set
破障森林场景,veilbreak_forest_scene
月面狂风 枪托,perigale_stock
沙罗之牙 刀刃,sarofang_blade
破障工厂场景,veilbreak_factory_scene
月球 circulus 场景,lua_circulus_scene
赋能·赐福,arcane_blessing
沙罗之牙 握柄,sarofang_handle
沙罗之牙 一套,sarofang_set
破障骨螺战舰场景,veilbreak_murex_scene
月面狂风 枪管,perigale_barrel
月面狂风 枪机,perigale_receiver
古纪 g6 遗物,lith_g6_relic
后纪 s14 遗物,axi_s14_relic
前纪 t6 遗物,meso_t6_relic
中纪 c3 遗物,neo_c3_relic
baruuk prime 机体 蓝图,baruuk_prime_chassis_blueprint
前纪 a4 遗物,meso_a4_relic
后纪 n10 遗物,axi_n10_relic
后纪 b5 遗物,axi_b5_relic
中纪 a8 遗物,neo_a8_relic
前纪 v8 遗物,meso_v8_relic
baruuk prime 蓝图,baruuk_prime_blueprint
中纪 k5 遗物,neo_k5_relic
前纪 k5 遗物,meso_k5_relic
古纪 v9 遗物,lith_v9_relic
古纪 b10 遗物,lith_b10_relic
中纪 a7 遗物,neo_a7_relic
后纪 g9 遗物,axi_g9_relic
baruuk prime 系统 蓝图,baruuk_prime_systems_blueprint
中纪 d6 遗物,neo_d6_relic
后纪 f1 遗物,axi_f1_relic
baruuk prime 头部神经光元 蓝图,baruuk_prime_neuroptics_blueprint
前纪 r5 遗物,meso_r5_relic
古纪 a5 遗物,lith_a5_relic
baruuk prime 一套,baruuk_prime_set
古纪 h7 遗物,lith_h7_relic
眼镜蛇 & 鹤 prime 护手,cobra_and_crane_prime_guard
盗贼双枪 prime 枪管,afuris_prime_barrel
盗贼双枪 prime 一套,afuris_prime_set
盗贼双枪 prime 连接器,afuris_prime_link
眼镜蛇 & 鹤 prime 蓝图,cobra_and_crane_prime_blueprint
盗贼双枪 prime 蓝图,afuris_prime_blueprint
眼镜蛇 & 鹤 prime 刀刃,cobra_and_crane_prime_blade
眼镜蛇 & 鹤 prime 握柄,cobra_and_crane_prime_hilt
眼镜蛇 & 鹤 prime 一套,cobra_and_crane_prime_set
盗贼双枪 prime 枪机,afuris_prime_receiver
闪劫 枪机,corufell_receiver
主要·镀金弹头,primary_plated_round
琉璃风暴,shattered_storm
阴极电流,cathode_current
赋能·坚定,arcane_steadfast
古纪 d5 遗物,lith_d5_relic
石晶之花 枪管,steflos_barrel
石晶之花 枪托,steflos_stock
石晶之花 一套,steflos_set
闪劫 一套,corufell_set
闪劫 握柄,corufell_handle
古纪 p7 遗物,lith_p7_relic
赋能·回返,arcane_double_back
次要·手足,secondary_kinship
石晶之花 枪机,steflos_receiver
涌浪之护,merulina_guardian
催眠护盾,mesmer_shield
中纪 r5 遗物,neo_r5_relic
次要·妨害,secondary_encumber
中纪 a9 遗物,neo_a9_relic
前纪 l2 遗物,meso_l2_relic
后纪 m4 遗物,axi_m4_relic
《citrine 的遗愿》工厂场景,citrines_last_wish_factory_scene
闪劫 枪管,corufell_barrel
hildryn prime 蓝图,hildryn_prime_blueprint
hildryn prime 系统 蓝图,hildryn_prime_systems_blueprint
阴影 prime 蓝图,shade_prime_blueprint
hildryn prime 一套,hildryn_prime_set
阴影 prime 系统,shade_prime_systems
翠雀 prime 一套,larkspur_prime_set
hildryn prime 头部神经光元 蓝图,hildryn_prime_neuroptics_blueprint
翠雀 prime 枪管,larkspur_prime_barrel
阴影 prime 头部,shade_prime_cerebrum
阴影 prime 一套,shade_prime_set
翠雀 prime 枪托,larkspur_prime_stock
hildryn prime 机体 蓝图,hildryn_prime_chassis_blueprint
翠雀 prime 枪机,larkspur_prime_receiver
阴影 prime 外壳,shade_prime_carapace
翠雀 prime 蓝图,larkspur_prime_blueprint
古纪 s15 遗物,lith_s15_relic
前纪 n14 遗物,meso_n14_relic
古纪 r3 遗物,lith_r3_relic
前纪 d7 遗物,meso_d7_relic
后纪 h6 遗物,axi_h6_relic
古纪 b11 遗物,lith_b11_relic
前纪 s12 遗物,meso_s12_relic
古纪 h8 遗物,lith_h8_relic
前纪 h4 遗物,meso_h4_relic
后纪 g10 遗物,axi_g10_relic
后纪 a16 遗物,axi_a16_relic
中纪 s17 遗物,neo_s17_relic
中纪 n22 遗物,neo_n22_relic
后纪 b6 遗物,axi_b6_relic
后纪 k11 遗物,axi_k11_relic
古纪 k10 遗物,lith_k10_relic
中纪 l2 遗物,neo_l2_relic
前纪 p11 遗物,meso_p11_relic
主要·滞阻,primary_obstruct
赋能·心相,arcane_intention
次要·冷颤,secondary_shiver
古纪 v10 遗物,lith_v10_relic
前纪 p12 遗物,meso_p12_relic
弓箭·利矢,longbow_sharpshot
幽冥陵地区场景,netherbarrow_region_scene
霰弹·仇杀,shotgun_vendetta
地穴歌剧场景,undercroft_opera_scene
中纪 a10 遗物,neo_a10_relic
后纪 k12 遗物,axi_k12_relic
后纪 i3 遗物,axi_i3_relic
魔导·侵略,magus_aggress
前纪 c7 遗物,meso_c7_relic
地穴公园场景,undercroft_park_scene
城堡镇场景,castle_town_scene
大陆乡村场景,mainland_hamlets_scene
赋能·收割,arcane_reaper
上港区场景,upperhaven_scene
山之锋芒,mountains_edge
奥金魇龙角斗场场景,orowyrm_arena_scene
主要·激昂,primary_exhilarate
遂心 上弓臂 蓝图,cinta_upper_limb_blueprint
遂心 握把 蓝图,cinta_grip_blueprint
遂心 弓弦 蓝图,cinta_string_blueprint
遂心 一套,cinta_set
遂心 下弓臂 蓝图,cinta_lower_limb_blueprint
圆形剧场场景,amphitheater_scene
纳土鲉,namaes
浮伤鱼,haav
息壤鲳,xiran
teshin 的洞穴场景,teshins_cave_scene
精灵鱼,seonn
言录书院场景,archarbor_scene
载世龟,inaak
棱晶·楞次弓,prisma_lenz
sentient 涌现,sentient_surge
sentient 猛攻,sentient_barrage
赋能·力升,arcane_power_ramp
主要·毒侵,primary_blight
次要·爆发,secondary_outburst
双枪·滑射,akimbo_slip_shot
锐铁 枪管,rauta_barrel
锐铁 一套,rauta_set
锐铁 枪机,rauta_receiver
锐铁 枪托,rauta_stock
中纪 l3 遗物,neo_l3_relic
前纪 c8 遗物,meso_c8_relic
wisp prime 机体 蓝图,wisp_prime_chassis_blueprint
军扇 prime 蓝图,gunsen_prime_blueprint
军扇 prime 一套,gunsen_prime_set
雷霆 prime 蓝图,fulmin_prime_blueprint
军扇 prime 握柄,gunsen_prime_handle
雷霆 prime 枪管,fulmin_prime_barrel
中纪 c4 遗物,neo_c4_relic
中纪 d7 遗物,neo_d7_relic
wisp prime 一套,wisp_prime_set
雷霆 prime 一套,fulmin_prime_set
雷霆 prime 枪托,fulmin_prime_stock
wisp prime 头部神经光元 蓝图,wisp_prime_neuroptics_blueprint
中纪 f2 遗物,neo_f2_relic
中纪 n23 遗物,neo_n23_relic
古纪 h9 遗物,lith_h9_relic
前纪 g5 遗物,meso_g5_relic
无畏之战,intrepid_stand
后纪 w3 遗物,axi_w3_relic
军扇 prime 刀刃,gunsen_prime_blade
坚毅乌尔佛伦,ulfruns_endurance
古纪 w3 遗物,lith_w3_relic
前纪 p13 遗物,meso_p13_relic
时空侵蚀,temporal_erosion
wisp prime 系统 蓝图,wisp_prime_systems_blueprint
暗影迷雾,shadow_haze
雷霆 prime 枪机,fulmin_prime_receiver
前纪 k6 遗物,meso_k6_relic
后纪 h7 遗物,axi_h7_relic
中纪 t7 遗物,neo_t7_relic
wisp prime 蓝图,wisp_prime_blueprint
卓越者优势,eximus_advantage
异变弹匣,metamorphic_magazine
讲台岛场景,dais_cay_scene
地穴边缘场景,undercroft_outskirts_scene
小岛场景,little_cay_scene
陨石坑岛场景,crater_cay_scene
曲径群岛场景,winding_isles_scene
盆地岛场景,basin_cay_scene
地穴禁卫兵营场景,undercroft_dax_camp_scene
地穴小镇场景,undercroft_township_scene
地穴月动球场景,undercroft_lunaro_scene
棱晶·欧玛,prisma_ohma
古纪 l4 遗物,lith_l4_relic
地穴住所场景,undercroft_lodging_scene
后纪 d4 遗物,axi_d4_relic
前纪 f4 遗物,meso_f4_relic
中纪 b8 遗物,neo_b8_relic
古纪 m8 遗物,lith_m8_relic
古纪 o3 遗物,lith_o3_relic
古纪 g7 遗物,lith_g7_relic
前纪 n15 遗物,meso_n15_relic
前纪 z5 遗物,meso_z5_relic
后纪 p5 遗物,axi_p5_relic
后纪 a17 遗物,axi_a17_relic
后纪 l6 遗物,axi_l6_relic
后纪 g12 遗物,axi_g12_relic
后纪 g11 遗物,axi_g11_relic
中纪 d8 遗物,neo_d8_relic
中纪 k7 遗物,neo_k7_relic
中纪 k6 遗物,neo_k6_relic
中纪 s18 遗物,neo_s18_relic
中纪 z10 遗物,neo_z10_relic
前纪 w3 遗物,meso_w3_relic
前纪 c9 遗物,meso_c9_relic
前纪 p14 遗物,meso_p14_relic
前纪 b8 遗物,meso_b8_relic
前纪 m4 遗物,meso_m4_relic
古纪 n14 遗物,lith_n14_relic
古纪 t10 遗物,lith_t10_relic
古纪 c10 遗物,lith_c10_relic
古纪 r4 遗物,lith_r4_relic
古纪 g8 遗物,lith_g8_relic
grendel prime 一套,grendel_prime_set
grendel prime 蓝图,grendel_prime_blueprint
grendel prime 头部神经光元 蓝图,grendel_prime_neuroptics_blueprint
grendel prime 机体 蓝图,grendel_prime_chassis_blueprint
grendel prime 系统 蓝图,grendel_prime_systems_blueprint
咀嚼金杖 prime 一套,masseter_prime_set
咀嚼金杖 prime 蓝图,masseter_prime_blueprint
咀嚼金杖 prime 刀刃,masseter_prime_blade
咀嚼金杖 prime 握柄,masseter_prime_handle
席尔火枪 prime 一套,zylok_prime_set
席尔火枪 prime 蓝图,zylok_prime_blueprint
席尔火枪 prime 枪管,zylok_prime_barrel
席尔火枪 prime 枪机,zylok_prime_receiver
催化护盾,catalyzing_shields
星界连结,astral_bond
双影连结,duplex_bond
坚韧连结,tenacious_bond
串联连结,tandem_bond
传染连结,contagious_bond
神秘连结,mystic_bond
隐蔽连结,covert_bond
恢复连结,restorative_bond
重大连结,momentous_bond
空中连结,aerial_bond
多种连结,manifold_bond
凶恶连结,vicious_bond
震撼连结,seismic_bond
强固连结,reinforced_bond
深渊信标,abyssal_beacon
骨葬 prime,gotva_prime
中纪 t8 遗物,neo_t8_relic
阿尔布雷希特的档案室场景,albrecht’s_archive_scene
阿尔布雷希特的办公室场景,albrecht’s_bureau_scene
解剖圣所场景,sanctum_anatomica_scene
断肢峡谷场景,fragmented_gorge_scene
解剖构造场景,fabrica_anatomica_scene
能量枢纽,energy_nexus
集中 聚精会神,precision_intensify
净化低语者,cleanse_the_murmur
原子烟尘,atomic_fallout
冷颤触染,shivering_contagion
灭亡低语者,bane_of_the_murmur
易爆变体,volatile_variant
辐能装填,radiated_reload
驱逐低语者,expel_the_murmur
关键突变,critical_mutation
迅发核素,accelerated_isotope
聚焦氡气,focus_radon
磨砺锋刃,ready_steel
xata 神祈,xata_invocation
vome 神祈,vome_invocation
ris 神祈,ris_invocation
netra 神祈,netra_invocation
lohk 颂歌,lohk_canticle
khra 颂歌,khra_canticle
jahu 颂歌,jahu_canticle
fass 颂歌,fass_canticle
机遇所至,opportunitys_reach
极致境地,conditions_perfection
宗师锐势,masters_edge
梦者之怒,dreamers_wrath
纪律之功,disciplines_merit
核控突破,containment_breach
毁灭低语者,smite_the_murmur
蓄能重划 prime,primed_redirection
辐光弩炮 一套,mandonel_set
辐光弩炮 蓝图,mandonel_blueprint
辐光弩炮 枪管,mandonel_barrel
辐光弩炮 枪机,mandonel_receiver
辐光弩炮 枪托,mandonel_stock
近战·侵染,melee_influence
近战·报复,melee_retaliation
近战·渐强,melee_crescendo
近战·漩涡,melee_vortex
近战·憎恶,melee_animosity
近战·暴露,melee_exposure
近战·刃影,melee_duplicate
近战·坚壁,melee_fortification
痉挛 prime,primed_convulsion
gauss prime 一套,gauss_prime_set
gauss prime 蓝图,gauss_prime_blueprint
gauss prime 头部神经光元 蓝图,gauss_prime_neuroptics_blueprint
gauss prime 机体 蓝图,gauss_prime_chassis_blueprint
gauss prime 系统 蓝图,gauss_prime_systems_blueprint
后纪 a18 遗物,axi_a18_relic
后纪 p6 遗物,axi_p6_relic
后纪 d5 遗物,axi_d5_relic
后纪 b7 遗物,axi_b7_relic
中纪 a11 遗物,neo_a11_relic
中纪 w1 遗物,neo_w1_relic
中纪 f3 遗物,neo_f3_relic
前纪 b9 遗物,meso_b9_relic
前纪 g6 遗物,meso_g6_relic
前纪 a5 遗物,meso_a5_relic
前纪 h6 遗物,meso_h6_relic
前纪 h5 遗物,meso_h5_relic
古纪 g10 遗物,lith_g10_relic
古纪 p8 遗物,lith_p8_relic
古纪 g9 遗物,lith_g9_relic
古纪 r5 遗物,lith_r5_relic
古纪 a6 遗物,lith_a6_relic
古纪 c11 遗物,lith_c11_relic
阿利乌双枪 prime 一套,akarius_prime_set
阿利乌双枪 prime 蓝图,akarius_prime_blueprint
阿利乌双枪 prime 枪管,akarius_prime_barrel
阿利乌双枪 prime 枪机,akarius_prime_receiver
阿利乌双枪 prime 连接器,akarius_prime_link
迅发电浆炮 prime 一套,acceltra_prime_set
迅发电浆炮 prime 蓝图,acceltra_prime_blueprint
迅发电浆炮 prime 枪管,acceltra_prime_barrel
迅发电浆炮 prime 枪机,acceltra_prime_receiver
迅发电浆炮 prime 枪托,acceltra_prime_stock
梦者羁绊,dreamers_bond
关键熔毁,critical_meltdown
后纪 v11 遗物,axi_v11_relic
后纪 c8 遗物,axi_c8_relic
中纪 p5 遗物,neo_p5_relic
前纪 c10 遗物,meso_c10_relic
前纪 a6 遗物,meso_a6_relic
古纪 g11 遗物,lith_g11_relic
古纪 t11 遗物,lith_t11_relic
dante 的隐居处场景,dantes_retreat_scene
废弃承载体场景,the_abandoned_vessel_scene
不渝珊瑚,loyal_merulina
乌戈之怒,wrath_of_ukko
幻形惩戒,elusive_retribution
圣枪惩戒,divine_retribution
易伤诱饵,damage_decoy
寄生活力,parasitic_vitality
崇敬枪队,axios_javelineers
多重结晶,recrystalize
战士休憩,warriors_rest
庇佑护甲,guardian_armor
效价炼成,valence_formation
protea prime 一套,protea_prime_set
protea prime 蓝图,protea_prime_blueprint
protea prime 头部神经光元 蓝图,protea_prime_neuroptics_blueprint
protea prime 机体 蓝图,protea_prime_chassis_blueprint
protea prime 系统 蓝图,protea_prime_systems_blueprint
后纪 b8 遗物,axi_b8_relic
后纪 f2 遗物,axi_f2_relic
后纪 p7 遗物,axi_p7_relic
中纪 m5 遗物,neo_m5_relic
中纪 a12 遗物,neo_a12_relic
中纪 p6 遗物,neo_p6_relic
中纪 o2 遗物,neo_o2_relic
前纪 w5 遗物,meso_w5_relic
前纪 w4 遗物,meso_w4_relic
前纪 g7 遗物,meso_g7_relic
前纪 v9 遗物,meso_v9_relic
古纪 t12 遗物,lith_t12_relic
古纪 p9 遗物,lith_p9_relic
逐电 prime 一套,velox_prime_set
逐电 prime 蓝图,velox_prime_blueprint
逐电 prime 枪管,velox_prime_barrel
逐电 prime 枪机,velox_prime_receiver
翁 prime 一套,okina_prime_set
翁 prime 蓝图,okina_prime_blueprint
翁 prime 握柄,okina_prime_handle
翁 prime 刀刃,okina_prime_blade
弹能过继,clip_delegation
光子过载,photon_overcharge
遂心 蓝图,cinta_blueprint
赋能·冰暴,arcane_ice_storm
次要·激涌,secondary_surge
赋能·电池,arcane_battery
次要·筑垒,secondary_fortifier
舞厅幻影装置,the_ballroom_simulacrum
城堡幻影装置,the_citadel_simulacrum
奥金魇龙角斗场幻影装置,orowyrm_arena_simulacrum
圣所幻影装置,sanctum_simulacrum
zanuka 竞技场幻影装置,zanuka_arena_simulacrum
grineer 小行星幻影装置,grineer_asteroid_simulacrum
奥罗金遗迹幻影装置,orokin_derelict_simulacrum
ambulas 竞技场幻影装置,ambulas_arena_simulacrum
血色面纱神庙幻影装置,red_veil_temple_simulacrum
月光庭院幻影装置,moonlit_courtyard_simulacrum
霰弹枪元素师,shotgun_elementalist
半自动霰弹枪炮轰,shotgun_cannonade
步枪元素师,rifle_elementalist
半自动步枪炮轰,semi_rifle_cannonade
手枪元素师,pistol_elementalist
半自动手枪炮轰,semi_pistol_cannonade
近战元素师,melee_elementalist
幽暗蔓延,dark_propagation
时协炮击,temporal_artillery
魅影魂灵,spectral_spirit
粉碎壁垒,wrecking_wall
近战·苦痛,melee_afflictions
双重弹头 prime,primed_dual_rounds
古纪 e1 遗物,lith_e1_relic
古纪 k11 遗物,lith_k11_relic
古纪 h10 遗物,lith_h10_relic
前纪 s14 遗物,meso_s14_relic
前纪 b10 遗物,meso_b10_relic
前纪 n16 遗物,meso_n16_relic
前纪 s13 遗物,meso_s13_relic
中纪 g5 遗物,neo_g5_relic
后纪 r4 遗物,axi_r4_relic
后纪 t11 遗物,axi_t11_relic
后纪 s15 遗物,axi_s15_relic
致命效率 prime,primed_deadly_efficiency
中纪 g6 遗物,neo_g6_relic
后纪 m5 遗物,axi_m5_relic
麦格努斯双枪 prime 一套,akmagnus_prime_set
麦格努斯双枪 prime 蓝图,akmagnus_prime_blueprint
麦格努斯双枪 prime 连接器,akmagnus_prime_link
sevagoth prime 一套,sevagoth_prime_set
sevagoth prime 蓝图,sevagoth_prime_blueprint
sevagoth prime 头部神经光元 蓝图,sevagoth_prime_neuroptics_blueprint
sevagoth prime 机体 蓝图,sevagoth_prime_chassis_blueprint
sevagoth prime 系统 蓝图,sevagoth_prime_systems_blueprint
后纪 s17 遗物,axi_s17_relic
后纪 s16 遗物,axi_s16_relic
后纪 o6 遗物,axi_o6_relic
中纪 p7 遗物,neo_p7_relic
中纪 b9 遗物,neo_b9_relic
中纪 z11 遗物,neo_z11_relic
中纪 g7 遗物,neo_g7_relic
中纪 a13 遗物,neo_a13_relic
中纪 e4 遗物,neo_e4_relic
前纪 f5 遗物,meso_f5_relic
前纪 a7 遗物,meso_a7_relic
前纪 h7 遗物,meso_h7_relic
前纪 n17 遗物,meso_n17_relic
古纪 g12 遗物,lith_g12_relic
古纪 n15 遗物,lith_n15_relic
古纪 w4 遗物,lith_w4_relic
古纪 c12 遗物,lith_c12_relic
葬铭 prime 一套,epitaph_prime_set
葬铭 prime 蓝图,epitaph_prime_blueprint
葬铭 prime 枪管,epitaph_prime_barrel
葬铭 prime 枪机,epitaph_prime_receiver
鹦鹉螺 prime 一套,nautilus_prime_set
鹦鹉螺 prime 蓝图,nautilus_prime_blueprint
鹦鹉螺 prime 头部,nautilus_prime_cerebrum
鹦鹉螺 prime 外壳,nautilus_prime_carapace
鹦鹉螺 prime 系统,nautilus_prime_systems
炽烈憎恨,burning_hate
潜隐恐惧,unseen_dread
戴拿的猎物,prey_of_dynar
神盾之风,aegis_gale
旋爆电击,coil_recharge
剧毒饱嗝,gastro
晴日伞 膛线,higasa_serration
天薙刀 压迫点,amanata_pressure
脓毒之爪,sepsis_claws
灼热之爪,burning_claws
电击之爪,shocking_claws
寒冰之爪,chilling_claws
刺杀姿势,assassin_posture
狂暴姿势,frenzied_posture
护卫姿势,protector_posture
坚韧姿势,persistent_posture
诡秘姿势,elusive_posture
稳定姿势,balanced_posture
富足寻回者,resourceful_retriever
忠诚寻回者,loyal_retriever
丰裕寻回者,prosperous_retriever
精准调控,precision_conditioning
免疫抵御,immunity_resistance
磁力打击,magnetic_strike
击钟者,bell_ringer
嗜血,bloodthirst
伤残调控,disabling_conditioning
优胜劣汰,cull_the_weak
蛮力调控,brute_conditioning
镀层 斩铁,galvanized_steel
镀层 增幅线圈,galvanized_reflex
镀层 元素师,galvanized_elementalist
古纪 d6 遗物,lith_d6_relic
前纪 h8 遗物,meso_h8_relic
中纪 c5 遗物,neo_c5_relic
中纪 k8 遗物,neo_k8_relic
后纪 g13 遗物,axi_g13_relic
后纪 n11 遗物,axi_n11_relic
xaku prime 一套,xaku_prime_set
xaku prime 蓝图,xaku_prime_blueprint
xaku prime 头部神经光元 蓝图,xaku_prime_neuroptics_blueprint
xaku prime 机体 蓝图,xaku_prime_chassis_blueprint
xaku prime 系统 蓝图,xaku_prime_systems_blueprint
灭杀者 prime 一套,trumna_prime_set
灭杀者 prime 蓝图,trumna_prime_blueprint
灭杀者 prime 枪管,trumna_prime_barrel
灭杀者 prime 枪机,trumna_prime_receiver
灭杀者 prime 枪托,trumna_prime_stock
威震武扇 prime 一套,quassus_prime_set
威震武扇 prime 蓝图,quassus_prime_blueprint
威震武扇 prime 握柄,quassus_prime_handle
威震武扇 prime 刀刃,quassus_prime_blade
后纪 a19 遗物,axi_a19_relic
后纪 g14 遗物,axi_g14_relic
后纪 h8 遗物,axi_h8_relic
后纪 t12 遗物,axi_t12_relic
中纪 w2 遗物,neo_w2_relic
中纪 g8 遗物,neo_g8_relic
中纪 q1 遗物,neo_q1_relic
中纪 l4 遗物,neo_l4_relic
前纪 v10 遗物,meso_v10_relic
前纪 t7 遗物,meso_t7_relic
前纪 e6 遗物,meso_e6_relic
前纪 g8 遗物,meso_g8_relic
古纪 m9 遗物,lith_m9_relic
古纪 g13 遗物,lith_g13_relic
古纪 n16 遗物,lith_n16_relic
古纪 x1 遗物,lith_x1_relic
赋能·影袭,arcane_crepuscular
赋能·激励,arcane_impetus
主要·准星,primary_crux
次要·失活,secondary_enervate
近战·无畏,melee_doughty
赋能·奇袭,arcane_camisado
赋能·黩武,arcane_bellicose
赋能·暴虐,arcane_truculence
商场穹顶幻影装置,mall_rotunda_simulacrum
霍瓦尼亚庭院幻影装置,höllvanian_courtyard_simulacrum
夏季霍瓦尼亚露台场景,höllvanian_terrace_in_summer
科技泰坦电子商店场景,tech_titan_electronics_store
冬季霍瓦尼亚交叉路口场景,höllvanian_intersection_in_winter
霍瓦尼亚中央商场地铁,höllvania_central_mall_subway
夏季霍瓦尼亚廉租公寓场景,höllvanian_tenements_in_summer
春季霍瓦尼亚历史街区场景,höllvanian_historic_quarter_in_spring
秋季霍瓦尼亚旧城区场景,höllvanian_old_town_in_fall
轨道游戏厅场景,orbit_arcade
中央商场后房场景,central_mall_backroom
磁化冲击,magnetic_welt
磁暴洗礼,magnetic_strafe
辐能利爪,radon_claws
磁化利爪,magnetic_claws
敏锐主武,primary_acuity
幽灵 膛线,spectral_serration
磁性弹容,magnetic_capacity
敏锐手枪,pistol_acuity
无情枪斗,merciless_gunfight
励磁加速,magnetic_rush
可靠战友,worthy_comradery
召唤师之怒,summoner’s_wrath
磁场循环,magnetized_cycle
磁性核心,magnetized_core
侦察者 一套,reconifex_set
侦察者 枪管,reconifex_barrel
侦察者 枪机,reconifex_receiver
侦察者 枪托,reconifex_stock
夜语者 77 一套,vesper_77_set
夜语者 77 枪管,vesper_77_barrel
夜语者 77 枪机,vesper_77_receiver
夜语者 77 握柄,vesper_77_handle
塞多 prime 一套,cedo_prime_set
塞多 prime 蓝图,cedo_prime_blueprint
塞多 prime 枪机,cedo_prime_receiver
塞多 prime 枪管,cedo_prime_barrel
塞多 prime 枪托,cedo_prime_stock
佐伦双斧 prime 一套,dual_zoren_prime_set
佐伦双斧 prime 蓝图,dual_zoren_prime_blueprint
佐伦双斧 prime 握柄,dual_zoren_prime_handle
佐伦双斧 prime 刀刃,dual_zoren_prime_blade
lavos prime 一套,lavos_prime_set
lavos prime 蓝图,lavos_prime_blueprint
lavos prime 头部神经光元 蓝图,lavos_prime_neuroptics_blueprint
lavos prime 机体 蓝图,lavos_prime_chassis_blueprint
lavos prime 系统 蓝图,lavos_prime_systems_blueprint
后纪 p9 遗物,axi_p9_relic
后纪 m6 遗物,axi_m6_relic
后纪 z2 遗物,axi_z2_relic
后纪 f3 遗物,axi_f3_relic
后纪 p8 遗物,axi_p8_relic
中纪 d9 遗物,neo_d9_relic
中纪 t9 遗物,neo_t9_relic
中纪 x1 遗物,neo_x1_relic
中纪 c6 遗物,neo_c6_relic
前纪 a8 遗物,meso_a8_relic
古纪 s16 遗物,lith_s16_relic
古纪 a7 遗物,lith_a7_relic
古纪 q1 遗物,lith_q1_relic
古纪 l5 遗物,lith_l5_relic
前纪 p15 遗物,meso_p15_relic
生化弹药,biotic_rounds
毒气铅弹,leaded_gas
古纪 s17 遗物,lith_s17_relic
前纪 s15 遗物,meso_s15_relic
前纪 m5 遗物,meso_m5_relic
中纪 n19 遗物,neo_n19_relic
中纪 s19 遗物,neo_s19_relic
后纪 n12 遗物,axi_n12_relic
蠕虫驱逐,worm_away
木马追缉,trojan_tracker
软件安全,soft_safe
防毒先锋,anti_v
字节卫士,byteryte
持续清理,keep_clean
驱动除尘,drive_duster
电脑巡警,computer_cop
快速修正,quick_correct
免疫护盾,immuno_shield
即刻安保,instant_secure
威胁壁垒,threat_blocker
极速防护,turbo_protect
科技细胞终幕者体育馆场景,technocyte_coda_stadium_scene
灾变之门,cataclysmic_gate
御神签运势,omikujis_fortune
导电球,conductive_sphere
熔融堆芯,fused_crucible
赋能·脱逃,arcane_escapist
赋能·热火,arcane_hot_shot
赋能·辐照,arcane_universal_fallout
暴乱-848 一套,riot_848_set
暴乱-848 枪管 蓝图,riot_848_barrel
暴乱-848 枪机 蓝图,riot_848_receiver
暴乱-848 枪托 蓝图,riot_848_stock
净化者 1 一套,purgator_1_set
净化者 1 枪管,purgator_1_barrel
净化者 1 枪机,purgator_1_receiver
净化者 1 枪托,purgator_1_stock
艾弗旺-5 木星 一套,efv_5_jupiter_set
艾弗旺-5 木星 枪管,efv_5_jupiter_barrel
艾弗旺-5 木星 枪机,efv_5_jupiter_receiver
艾弗旺-5 木星 枪托,efv_5_jupiter_stock
艾弗旺-8 火星 一套,efv_8_mars_set
艾弗旺-8 火星 枪管,efv_8_mars_barrel
艾弗旺-8 火星 枪机,efv_8_mars_receiver
艾弗旺-8 火星 枪托,efv_8_mars_stock
双子恶行 一套,dual_viciss_set
双子恶行 刀刃,dual_viciss_blade
双子恶行 握柄,dual_viciss_hilt
稳定枪手 prime,primed_steady_hands
稳定 prime,primed_stabilizer
制衡 prime,primed_counterbalance
古纪 a8 遗物,lith_a8_relic
古纪 q2 遗物,lith_q2_relic
古纪 y1 遗物,lith_y1_relic
古纪 z4 遗物,lith_z4_relic
前纪 k7 遗物,meso_k7_relic
前纪 p16 遗物,meso_p16_relic
中纪 a14 遗物,neo_a14_relic
中纪 d10 遗物,neo_d10_relic
中纪 g9 遗物,neo_g9_relic
后纪 n13 遗物,axi_n13_relic
后纪 v12 遗物,axi_v12_relic
后纪 y1 遗物,axi_y1_relic
yareli prime 一套,yareli_prime_set
yareli prime 蓝图,yareli_prime_blueprint
yareli prime 头部神经光元 蓝图,yareli_prime_neuroptics_blueprint
yareli prime 机体 蓝图,yareli_prime_chassis_blueprint
yareli prime 系统 蓝图,yareli_prime_systems_blueprint
大久和弓 prime 一套,daikyu_prime_set
大久和弓 prime 蓝图,daikyu_prime_blueprint
大久和弓 prime 下弓臂,daikyu_prime_lower_limb
大久和弓 prime 上弓臂,daikyu_prime_upper_limb
大久和弓 prime 弓身,daikyu_prime_grip
大久和弓 prime 弓弦,daikyu_prime_string
卡帕压力枪 prime 一套,kompressa_prime_set
卡帕压力枪 prime 蓝图,kompressa_prime_blueprint
卡帕压力枪 prime 枪管,kompressa_prime_barrel
卡帕压力枪 prime 枪机,kompressa_prime_reciever
后纪 c9 遗物,axi_c9_relic
霍瓦尼亚倒塌地下场景,höllvanian_collapsed_underground_scene
lavo 的游乐场场景,lavos_playplace_scene
霍瓦尼亚地铁站场景,höllvanian_subway_junction_scene
古纪 t13 遗物,lith_t13_relic
古纪 a9 遗物,lith_a9_relic
前纪 r6 遗物,meso_r6_relic
中纪 p8 遗物,neo_p8_relic
后纪 b9 遗物,axi_b9_relic
前纪 t8 遗物,meso_t8_relic
古纪 m10 遗物,lith_m10_relic
痛点,pain_points
自激奇点,spontaneous_singularity
暴力复仇,volatile_recompense
棱彩同伴,prismatic_companion
刀锋迫击,razor_mortar
翠玉审判,jades_judgment
毁灭低语者 prime,primed_smite_the_murmur
八爪角斗场场景,octopede_arena_scene
织屿人云岛场景,isleweaver_cloud_islet_scene
织屿人漂流环礁场景,isleweaver_drift_atoll_scene
儒临地场景,scholars_landing_scene
双衍王境王座圣殿场景,duviri_throne_room_scene
至日广场舞台场景,solstice_square_stage_scene
kullervo 的牢房场景,kullervos_hold_scene
驱逐低语者 prime,primed_expel_the_murmur
净化低语者 prime,primed_cleanse_the_murmur
caliban prime 一套,caliban_prime_set
caliban prime 蓝图,caliban_prime_blueprint
caliban prime 头部神经光元 蓝图,caliban_prime_neuroptics_blueprint
caliban prime 机体 蓝图,caliban_prime_chassis_blueprint
caliban prime 系统 蓝图,caliban_prime_systems_blueprint
瓦德雅 prime 一套,vadarya_prime_set
瓦德雅 prime 蓝图,vadarya_prime_blueprint
瓦德雅 prime 枪管,vadarya_prime_barrel
瓦德雅 prime 枪机,vadarya_prime_receiver
瓦德雅 prime 枪托,vadarya_prime_stock
脉纹 prime 一套,venato_prime_set
脉纹 prime 蓝图,venato_prime_blueprint
脉纹 prime 刀刃,venato_prime_blade
脉纹 prime 握柄,venato_prime_handle
后纪 y2 遗物,axi_o7_relic
后纪 c10 遗物,axi_c10_relic
后纪 v13 遗物,axi_v13_relic
后纪 s18 遗物,axi_s18_relic
中纪 a15 遗物,neo_a15_relic
前纪 g9 遗物,meso_g9_relic
前纪 v12 遗物,meso_v12_relic
前纪 v11 遗物,meso_v11_relic
前纪 l3 遗物,meso_l3_relic
古纪 k12 遗物,lith_k12_relic
古纪 a10 遗物,lith_a10_relic
古纪 e2 遗物,lith_e2_relic
古纪 o4 遗物,lith_o4_relic
古纪 n17 遗物,lith_n17_relic
古纪 c13 遗物,lith_c13_relic
helminth 疾冲者 基因印记,helminth_charger_imprint
灭亡低语者 prime,primed_bane_of_the_murmur
流连忘返,lingering_transmutation
炼狱裂隙,untime_rift
致命豪勇,tharros_lethality
反弹链波,reverse_rotorswell
阿耶檀识 chattraka 塑像,ayatan_chattraka_sculpture
深矿前哨基地场景,deepmines_forward_base_scene
深矿场景,deepmines_scene
深矿洞穴场景,deepmines_caves_scene
深矿实验室场景,deepmines_lab_scene
深矿营养工厂场景,deepmines_nutrient_plant_scene
五运场景,five_fates_scene
《老师》道场场景,the_teacher_dojo_scene
《老师》地球场景,the_teacher_earth_scene
《老师》反应堆场景,the_teacher_reactor_scene
《老师》飞船场景,the_teacher_ship_scene
奇异终局,peculiar_end
恐怖杀戮,dreadful_killshot
后纪 s19 遗物,axi_s19_relic
后纪 w4 遗物,axi_w4_relic
中纪 h4 遗物,neo_h4_relic
前纪 g10 遗物,meso_g10_relic
古纪 f3 遗物,lith_f3_relic
古纪 l6 遗物,lith_l6_relic
噬尸活力,necrophagic_vigor
gyre prime 一套,gyre_prime_set
gyre prime 蓝图,gyre_prime_blueprint
gyre prime 头部神经光元 蓝图,gyre_prime_neuroptics_blueprint
gyre prime 机体 蓝图,gyre_prime_chassis_blueprint
gyre prime 系统 蓝图,gyre_prime_systems_blueprint
电幻步枪 prime 一套,alternox_prime_set
电幻步枪 prime 蓝图,alternox_prime_blueprint
电幻步枪 prime 枪管,alternox_prime_barrel
电幻步枪 prime 枪机,alternox_prime_receiver
电幻步枪 prime 枪托,alternox_prime_stock
红隼 prime 一套,kestrel_prime_set
红隼 prime 蓝图,kestrel_prime_blueprint
红隼 prime 握把,kestrel_prime_grip
红隼 prime 刀刃,kestrel_prime_blade
后纪 t13 遗物,axi_t13_relic
后纪 a20 遗物,axi_a20_relic
中纪 t10 遗物,neo_t10_relic
中纪 o3 遗物,neo_o3_relic
中纪 c7 遗物,neo_c7_relic
中纪 p9 遗物,neo_p9_relic
中纪 k9 遗物,neo_k9_relic
前纪 x1 遗物,meso_x1_relic
前纪 a9 遗物,meso_a9_relic
前纪 y1 遗物,meso_y1_relic
前纪 v14 遗物,meso_v14_relic
前纪 p17 遗物,meso_p17_relic
前纪 v13 遗物,meso_v13_relic
古纪 g14 遗物,lith_g14_relic
古纪 n18 遗物,lith_n18_relic
古纪 d7 遗物,lith_d7_relic
赋能·坚韧,arcane_persistence
赋能·精湛,arcane_expertise
赋能·规避,arcane_circumvent
主要·堡垒,primary_bulwark
主要·过载,primary_overcharge
次要·照射,secondary_irradiate
主要·衰弱,primary_debilitate
赋能·专注,arcane_concentration
近战·疾驰,melee_careen
胆寒尖刺,harrowing_spire
古纪 l7 遗物,lith_l7_relic
罗瑟的遗忘竞技场,roathes_oblivion_arena
里昂的房间场景,lyons_room_scene
玛丽的房间场景,maries_room_scene
大教堂场景,la_cathédrale_scene
博罗瞭望台场景,boro_overlook_scene
马克沃斯炮场景,makvos_cannon_scene
世界播种器场景,world_seeder_scene
佩里塔显化场景,trauma_manifestation_arena
坦纳迪斯堡场景,fort_tennadis_scene
乌卡,ubri_kaneph
塞塔,sey_taph
拉瓦,lashta_vak
恩肖,empazu_shol
梅伦,metem_erun
达仁,da_ren
乌肖,ulashta_shol
西塔,sil_tabol
埃蒂,evir_ti
亚达,yar_dal
梅哈,metem_hakh
卡齐,kaal_zidi
维萨,vikla_safor
塔安,talsek_an
埃伊,esti_vel_ikha
霍卡,hok_kaal
奥维,omn_evi
洛塔,lorun_tash
维南,vik_anam
哈达,hayan_dabor
先锋 c1 遗物,vanguard_c1_relic
先锋 p1 遗物,vanguard_p1_relic
先锋 m1 遗物,vanguard_m1_relic
先锋 e1 遗物,vanguard_e1_relic
恶毒弹匣 prime,primed_venomous_clip
齐塞,zid-an-sek-eel
齐阿,zid-an-asheir
齐乌,zid-an-uskos
齐哈,zid-an-haras
齐奥,zid-an-osbok
弹链 prime,primed_ammo_chain
