ch_tra,slug
保障 錫斯特雙槍,secura_dual_cestra
匍匐靶心,creeping_bullseye
異融者 alad v 刺殺 （鑰匙）,mutalist_alad_v_assassinate_key
輻射繳械,irradiating_disarm
反物質吸收,antimatter_absorb
壁壘賦能,arcane_barrier
冰冷賦能,arcane_ice
終極 螺釘步槍,telos_boltor
frost prime 一套,frost_prime_set
觸媒連動,catalyzer_link
定位輔助,targeting_subsystem
斯特朗 亡魂 槍機,strun_wraith_receiver
構造裂縫,tectonic_fracture
mantis 一套,mantis_set
酸性彈藥,acid_shells
夜巡燃燒彈,nightwatch_napalm
類星鑽體,quasar_drill
彗星爆發,comet_blast
星雲鑽孔,nebula_bore
死亡使徒 刀刃,kaszas_blade
極速電磁步槍 槍機,velocitus_receiver
巨浪 槍管,fluctus_barrel
巨浪 弓臂,fluctus_limbs
巨浪 槍托,fluctus_stock
什長雙槍 槍管,decurion_barrel
hydroid prime 一套,hydroid_prime_set
淨化 orokin,cleanse_corrupted
kappa 信標,kappa_beacon
星形緋紅石,star_crimzian
正直打擊,virtuos_strike
獵者 腎上腺素,hunter_adrenaline
蝰蛇 亡魂,viper_wraith
orokin 遺跡廣場場景,orokin_derelict_plaza_scene
grineer 造船廠場景,grineer_shipyards_manufactory_scene
infested 船舶場景,infested_ship_bridge_scene
月球苗圃場景,lua_nursery_scene
corpus 集氣城管道場景,corpus_gas_city_conduit_scene
grineer 駐紮地反應爐場景,grineer_settlement_reactor_scene
corpus 冰封星球殘骸場景,corpus_ice_planet_wreckage_scene
夜靈 mardurai 晶體,eidolon_madurai_lens
夜靈 vazarin 晶體,eidolon_vazarin_lens
夜靈 unairu 晶體,eidolon_unairu_lens
zephyr prime 機體 藍圖,zephyr_prime_chassis_blueprint
mycona 殖民地場景,mycona_colony_scene
和平衝天,pax_soar
救贖者 prime 刀刃,redeemer_prime_blade
覺醒雙槍 prime 槍機,akjagara_prime_receiver
組合槍裂罅 mod （尚未揭開）,kitgun_riven_mod_(veiled)
光譜虹吸,spectrosiphon
惡狼戰鎚鎚頭,wolf_sledge_head
惡狼戰鎚 一套,wolf_sledge_set
奧布山谷場景,orb_vallis_scene
諸葛連弩 prime 弓身,zhuge_prime_grip
寒冰之力,freeze_force
旋風虎擊,swirling_tiger
隨機應變,quick_thinking
蛟龍 prime 藍圖,wyrm_prime_blueprint
簧壓刀刃,spring_loaded_blade
動力轉移,kinetic_diversion
奮力一擲,power_throw
宿命真理,fateful_truth
致命火力,malignant_force
卓越防禦,superior_defenses
能量轉化,energy_inversion
破碎正義,shattering_justice
爆發裝填,fast_hands
極地彈倉,polar_magazine
步槍增幅,rifle_amp
打撈掃描器,spare_parts
有去無回,no_return
汽化,vaporize
惡性擴散,vicious_spread
敵人感應,enemy_sense
盲怒,blind_rage
步槍彈藥轉換,rifle_ammo_mutation
凱旋將軍 破壞者 槍管,imperator_vandal_barrel
歐特魯斯 prime 刀刃,orthos_prime_blade
loki prime 系統 藍圖,loki_prime_systems_blueprint
naramon 晶體,naramon_lens
協力竄升,coaction_drift
通曉霰彈槍,shotgun_savvy
爆裂刀刃,volcanic_edge
odonata prime 外甲 藍圖,odonata_prime_harness_blueprint
回氣再起,secondary_wind
odonata prime 系統 藍圖,odonata_prime_systems_blueprint
致命一擊,point_strike
上升打擊,soaring_strike
強力猛擊,pummel
極速電磁步槍 槍托,velocitus_stock
拉斯波恩 握柄,rathbone_handle
拉斯波恩 鎚頭,rathbone_head
拉特昂 亡魂 槍管,latron_wraith_barrel
火焰裝填,heated_charge
系統重劃,system_reroute
蛇髮女妖 亡魂 槍機,gorgon_wraith_receiver
精算射擊,calculated_shot
活力,vigor
飛揚 prime 鏢袋,hikou_prime_pouch
收割者 prime 藍圖,reaper_prime_blueprint
震擊秘奧頭盔,arcane_thrak_helmet
抵近射擊 prime,primed_point_blank
三冪之力,power_of_three
rhino prime 頭部神經光元 藍圖,rhino_prime_neuroptics_blueprint
繳械純淨,disarming_purity
蛇髮女妖 亡魂 槍托,gorgon_wraith_stock
布里斯提卡 prime 弓弦,ballistica_prime_string
雙蛇牙突,crossing_snakes
返老還童,rejuvenation
挖掘,dig
粉碎器,shredder
無盡苦難,continuous_misery
瓦斯托 prime 一套,vasto_prime_set
阿瓦隆秘奧頭盔,arcane_avalon_helmet
鋁熱焊彈,thermite_rounds
通量秘奧頭盔,arcane_flux_helmet
終極 螺釘雙槍,telos_akbolto
預言秘奧頭盔,arcane_aura_helmet
聖潔 雷爆信鏢,sancti_castanas
裂縫打擊,rift_strike
火神閃擊,vulcan_blitz
策略秘奧頭盔,arcane_gambit_helmet
氯毒秘奧頭盔,arcane_chlora_helmet
機敏秘奧頭盔,arcane_esprit_helmet
詭計賦能,arcane_trickery
oberon prime 頭部神經光元 藍圖,oberon_prime_neuroptics_blueprint
volt prime 頭部神經光元 藍圖,volt_prime_neuroptics_blueprint
鳳凰秘奧頭盔,arcane_phoenix_helmet
布里斯提卡 prime 下弓臂,ballistica_prime_lower_limb
volt prime 機體 藍圖,volt_prime_chassis_blueprint
欖尖形翠螢石,marquise_veridos
返響秘奧頭盔,arcane_reverb_helmet
爆炸戲法,explosive_legerdemain
毀滅 orokin,smite_corrupted
鐵杉秘奧頭盔,arcane_hemlock_helmet
汲能榨取,vampire_leech
諸葛連弩 prime 藍圖,zhuge_prime_blueprint
降靈追獵者 prime 鏈條,ninkondi_prime_chain
諸葛連弩 prime 槍機,zhuge_prime_receiver
諸葛連弩 prime 一套,zhuge_prime_set
wukong prime 頭部神經光元 藍圖,wukong_prime_neuroptics_blueprint
毀滅擴展,ruinous_extension
野蠻壓制,savagery
手槍精通,pistol_gambit
毀壞微光,gleaming_blight
ember prime 頭部神經光元 藍圖,ember_prime_neuroptics_blueprint
恆久折磨,lingering_torment
重錘射擊,hammer_shot
霰彈槍彈藥轉換 prime,primed_shotgun_ammo_mutation
迅速賦能,arcane_velocity
nyx prime 藍圖,nyx_prime_blueprint
德拉 破壞者 槍托,dera_vandal_stock
卡拉克 亡魂 藍圖,karak_wraith_blueprint
nyx prime 系統 藍圖,nyx_prime_systems_blueprint
擺盪鉤索,swing_line
雙短柄戰鐮 prime 一套,dual_kamas_prime_set
爆破計算,measured_burst
護衛傳送,safeguard_switch
棱晶 陰影,prisma_shade
集氣城大廳場景,gas_city_lobby_scene
過度延展,overextended
保護,protect
全蝕,total_eclipse
脈衝秘奧頭盔,arcane_pulse_helmet
私法 追求,vigilante_pursuit
淨化斬,purging_slash
mag 高斯秘奥頭盔,arcane_mag_gauss_helmet
遠古融合核心,ancient_fusion_core
弗拉克斯 亡魂 右拳套,furax_wraith_right_gauntlet
螺鑽打擊,auger_strike
nyx prime 頭部神經光元 藍圖,nyx_prime_neuroptics_blueprint
rhino prime 藍圖,rhino_prime_blueprint
穩定槍手,steady_hands
猛虎 prime 槍機,tigris_prime_receiver
能量轉換,energy_conversion
抗毒賦能,arcane_resistance
致命洪流,lethal_torrent
戰爭之劍 刀刃,war_blade
弱點偵測,detect_vulnerability
元素沙暴,elemental_sandstorm
鋼鐵纖維,steel_fiber
擴充彈匣,magazine_extension
內置炸藥,concealed_explosives
破滅 prime,primed_ravage
耗竭裝填,depleted_reload
赫利俄斯 prime 外殼,helios_prime_carapace
蛟龍 prime 系統,wyrm_prime_systems
trinity prime 頭部神經光元 藍圖,trinity_prime_neuroptics_blueprint
精神狂怒,mind_freak
狼牙 prime 握柄,fang_prime_handle
簡化,streamline
隔熱,insulation
增壓彈匣,pressurized_magazine
伏擊光子,ambush_optics
nyx prime 機體 藍圖,nyx_prime_chassis_blueprint
電容,capacitance
壓縮彈藥,shell_compression
loki prime 機體 藍圖,loki_prime_chassis_blueprint
槍膛,bore
信號閃光,signal_flare
電光衝刺,lightning_dash
mag prime 機體 藍圖,mag_prime_chassis_blueprint
狙擊特昂 破壞者 一套,snipetron_vandal_set
機動衝撞,battering_maneuver
穿刺步伐,piercing_step
狂熱火球,fireball_frenzy
永恆純淨,lasting_purity
能量虹吸,energy_siphon
隱密追蹤,stalk
彈匣增幅,magazine_warp
滲透,infiltrate
毒蛇螺旋,coiling_viper
壓迫點 prime,primed_pressure_point
寒流來襲,cold_snap
地獄彈膛,hells_chamber
積存毀壞,stockpiled_blight
海波斯庫拉對劍 prime 握柄,nami_skyla_prime_handle
破碎之風,fracturing_wind
猛烈爆發,fulmination
彈鼓,ammo_drum
至尊浪人,sovereign_outcast
角鬥士 威猛,gladiator_might
震地衝擊,heavy_impact
雷火,thunderbolt
生命之池,pool_of_life
熵數爆發,entropy_burst
致命誘惑,fatal_attraction
震撼衝拳,seismic_palm
壓迫點,pressure_point
彈藥改良,modified_munitions
天賦,natural_talent
箭型彈頭,flechette
飛光荒疫,shimmering_blight
正義刀鋒,justice_blades
敗興虐殺,buzz_kill
食人魚 prime 藍圖,pyrana_prime_blueprint
食人魚 prime 槍機,pyrana_prime_receiver
食人魚 prime 槍管,pyrana_prime_barrel
技巧之劍 prime 一套,destreza_prime_set
驅逐 grineer prime,primed_expel_grineer
驅逐 corpus prime,primed_expel_corpus
驅逐 infested prime,primed_expel_infested
驅逐 orokin prime,primed_expel_corrupted
震動之拳,quaking_hand
火焰腺體,flame_gland
分裂之刃,dividing_blades
光滑翡斯敏石,smooth_phasmin
生機賦能,arcane_pulse
驟然正義,sudden_justice
急進猛突,blood_rush
破片射擊,shrapnel_shot
冷卻液外泄,coolant_leak
火綾復甦,ward_recovery
火焰裝填 prime,primed_heated_charge
中子星爆,neutron_star
頭顱射擊,skull_shots
loki prime 頭部神經光元 藍圖,loki_prime_neuroptics_blueprint
私法 熱誠,vigilante_fervor
甲龍雙拳 prime 刀刃,ankyros_prime_blade
甲龍雙拳 prime 拳套,ankyros_prime_gauntlet
玻之武杖 prime 藍圖,bo_prime_blueprint
席瓦 & 神盾 prime 護手,silva_and_aegis_prime_guard
蝕骨寒霜,vicious_frost
鋸刃,jagged_edge
護盾瓦解,shield_disruption
魔導活力,magus_vigor
霰彈彈幕,shotgun_barrage
詐欺秘奧頭盔,arcane_swindle_helmet
角鬥士 箝制,gladiator_vice
經絡秘奧頭盔,arcane_meridian_helmet
傳說核心,legendary_fusion_core
猛虎 prime 槍托,tigris_prime_stock
旋壓刺針,spinning_needle
狙擊特昂 破壞者 槍托,snipetron_vandal_stock
野火,wildfire
滅亡 grineer,bane_of_grineer
scimitar 飛航系統 藍圖,scimitar_avionics_blueprint
反射防禦,reflex_guard
永恆之護,everlasting_ward
ash prime 頭部神經光元 藍圖,ash_prime_neuroptics_blueprint
電流震擊,jolt
守望者 prime 槍托,vectis_prime_stock
懾人神速,stunning_speed
持久力 prime,primed_continuity
玻之武杖 prime 握柄,bo_prime_handle
連續衝擊,crash_course
再生分流,vital_systems_bypass
奇異點,singularity
雜技裝甲,armored_acrobatics
致命動量,lethal_momentum
滅亡 infested prime,primed_bane_of_infested
滅亡 corpus prime,primed_bane_of_corpus
搬運者 prime 藍圖,carrier_prime_blueprint
狡狐詐面,vulpine_mask
滅亡 grineer prime,primed_bane_of_grineer
守望者 prime 槍管,vectis_prime_barrel
戰術上膛,tactical_pump
滅神秘奧頭盔,arcane_menticide_helmet
極光秘奧頭盔,arcane_aurora_helmet
月神 prime 藍圖,soma_prime_blueprint
釋放,unleashed
瓦斯托 prime 槍管,vasto_prime_barrel
合音秘奧頭盔,arcane_chorus_helmet
瓦斯托 prime 藍圖,vasto_prime_blueprint
飛逝熵數,entropy_flight
saryn prime 一套,saryn_prime_set
縱騰天際,poppin_vert
魔導修復,magus_repair
魔導干擾,magus_glitch
完美平衡,perfect_balance
菌株 吸收,strain_consume
zaw 裂罅 mod （尚未揭開）,zaw_riven_mod_(veiled)
惡狼戰鎚 藍圖,wolf_sledge_blueprint
魔導超載,magus_overload
分子裂變,molecular_fission
惡狼戰鎚馬達,wolf_sledge_motor
猛烈發狂,wild_frenzy
凝固汽油榴彈,napalm_grenades
提佩多 prime 握柄,tipedo_prime_handle
斯特拉迪瓦 prime 一套,stradavar_prime_set
equinox prime 藍圖,equinox_prime_blueprint
野馬 prime 槍管,bronco_prime_barrel
戰爭之劍 握柄,war_hilt
nova prime 系統 藍圖,nova_prime_systems_blueprint
frost prime 藍圖,frost_prime_blueprint
野馬 prime 藍圖,bronco_prime_blueprint
星界微光,astral_twilight
速射,snap_shot
伯斯頓 prime 槍機,burston_prime_receiver
狼牙 prime 刀刃,fang_prime_blade
vauban prime 頭部神經光元 藍圖,vauban_prime_neuroptics_blueprint
飛揚 prime 星鏢,hikou_prime_stars
入侵者,intruder
棱晶 安格斯壯,prisma_angstrum
菲德菈 槍托,phaedra_stock
灼痕焦點,scorch
熵數尖釘,entropy_spike
終焉風暴,eleventh_storm
nova prime 頭部神經光元 藍圖,nova_prime_neuroptics_blueprint
反物質地雷,antimatter_mine
nova prime 機體 藍圖,nova_prime_chassis_blueprint
棱彩護衛,prism_guard
戲法增幅,trick_mag
nova prime 藍圖,nova_prime_blueprint
虛偽連結,deceptive_bond
frost prime 頭部神經光元 藍圖,frost_prime_neuroptics_blueprint
颮風秘奧頭盔,arcane_squall_helmet
精算蓄能,calculated_redirection
充電彈頭,charged_shell
淨化 corpus,cleanse_corpus
熾燃鋼鐵,searing_steel
加速充能,accelerated_deflection
巨林衝擊,clashing_forest
原始暴怒,primal_rage
天聖踐踏,celestial_stomp
保障 潘塔,secura_penta
剃刀射擊,razor_shot
緩動驚駭,creeping_terrify
trinity prime 藍圖,trinity_prime_blueprint
冷面狂怒,grim_fury
阿耶檀識 orta 塑像,ayatan_orta_sculpture
能量導引,energy_channel
神聖清算,hallowed_reckoning
痙攣,convulsion
狂怒賦能,arcane_fury
極速復元,rapid_resilience
瘟疫手槍,pistol_pestilence
非晶變壓器 prime,primed_morphic_transformer
虛弱動能,frail_momentum
病原彈頭,pathogen_rounds
神盾賦能,arcane_aegis
瞬間衝擊,sudden_impact
結果賦能,arcane_consequence
強化刀片,tempered_blade
毀滅 corpus,smite_corpus
充沛賦能,arcane_energize
尖牙連射,fanged_fusillade
角鬥士 決心,gladiator_resolve
幽靈,ghost
白霜彈頭,rime_rounds
金工火神 亡魂,vulkar_wraith
阿耶檀識 piv 塑像,ayatan_piv_sculpture
抵死護甲,negation_swarm
雷筒,blunderbuss
席芭莉絲 prime 槍管,sybaris_prime_barrel
半人馬 盾牌,centaur_aegis
中樞蘇達強化mod,cephalon_suda_augment_mod
banshee prime 機體 藍圖,banshee_prime_chassis_blueprint
急凍控場,chilling_grasp
wukong prime 機體 藍圖,wukong_prime_chassis_blueprint
熾烈堅刃,blazing_steel
過熱射擊,fired_up
雲暴山碎,shattering_storm
恐懼感應,sense_danger
刀鋒彈舞,bullet_dance
雙子蝰蛇 亡魂 藍圖,twin_vipers_wraith_blueprint
分裂膛室,split_chamber
北風,north_wind
霰彈槍彈藥蒐集者,shotgun_scavenger
樞議 咖瑪腕甲槍,synoid_gammacor
赫利俄斯 prime 一套,helios_prime_set
緋紅 布里斯提卡,rakta_ballistica
hydroid prime 頭部神經光元 藍圖,hydroid_prime_neuroptics_blueprint
貪婪吸引,greedy_pull
席瓦 & 神盾 prime 一套,silva_and_aegis_prime_set
守護光罩,sanctuary
繫繩榴彈,tether_grenades
飛行員,aviator
獵鷹俯擊,swooping_falcon
百折不撓,constitution
懲擊洗禮,smite_infusion
喀婆薩 prime 庫狛項圈 一套,kavasa_prime_kubrow_collar_set
拉特昂 prime 一套,latron_prime_set
雷克斯 prime 一套,lex_prime_set
odonata prime 一套,odonata_prime_set
恆穩槍桿,gun_glide
蓋霜跳馬,rime_vault
戰無不克,vanquished_prey
電流長矛,voltaic_lance
靈快節拍,deft_tempo
雙重連擊,double_tap
搏命反撲,final_act
最終一擊,final_tap
液壓槍膛,hydraulic_chamber
液壓彈藥,hydraulic_gauge
鬆弛槍蓋,loose_hatch
狹窄槍膛,narrow_barrel
斯特朗 亡魂 槍管,strun_wraith_barrel
夜靈 zenurik 晶體,eidolon_zenurik_lens
技巧之劍 prime 握柄,destreza_prime_handle
耐久強化,enhanced_durability
切換增幅,holster_amp
速攻賦能,arcane_strike
兇惡延伸,sinister_reach
守望者 prime 一套,vectis_prime_set
雕斬螳螂,carving_mantis
領袖 prime,primed_pack_leader
消磁賦能,arcane_nullifier
rhino prime 一套,rhino_prime_set
暗殺者 prime 一套,sicarus_prime_set
精準火槍,grinloked
勝利賦能,arcane_victory
緊湊步伐,hastened_steps
埋伏射擊,lie_in_wait
螺釘步槍 prime 槍機,boltor_prime_receiver
螺釘步槍 prime 槍托,boltor_prime_stock
暗夜追跡者,night_stalker
樞議 赫利俄光鎚,synoid_heliocor
elytron 系統,elytron_systems_blueprint
鋼鐵防線強化mod,steel_meridian_augment_mod
暗影收割,shadow_harvest
銀白天災,argent_scourge
猛虎 prime 槍管,tigris_prime_barrel
彈匣置換,eject_magazine
應急備案,plan_b
炙熱黃蜂,burning_wasp
尖銳子彈,sharpened_bullets
撕裂彈頭,ripper_rounds
月神 prime 槍機,soma_prime_receiver
收割螺旋,reaping_spiral
月神 prime 槍托,soma_prime_stock
銳利刀刃,sharpened_blade
滑行掃射,strafing_slide
scimitar 一套,scimitar_set
殘盾轉換,surplus_diverters
災變連連,cataclysmic_continuum
布萊頓 prime 一套,braton_prime_set
殘酷打擊,relentless_assault
席瓦 & 神盾 prime 握柄,silva_and_aegis_prime_hilt
精準彈跳,calculated_spring
彗星彈頭,comet_rounds
hydroid prime 機體 藍圖,hydroid_prime_chassis_blueprint
雷克斯雙槍 prime 藍圖,aklex_prime_blueprint
雷克斯雙槍 prime 一套,aklex_prime_set
布里斯提卡 prime 藍圖,ballistica_prime_blueprint
秋風落葉,tranquil_cleave
連動 生命力,link_vitality
領袖,pack_leader
倖存生靈,soul_survivor
分子轉化,molecular_conversion
重擊者,thumper
衝刺,rush
污染彈匣,infected_clip
淨化 infested,cleanse_infested
烈焰,blaze
吸取,vacuum
能量產生器,energy_generator
深紅颶風,scarlet_hurricane
兇惡途徑,vicious_approach
冰凍雙顎,frost_jaw
電擊項圈,shock_collar
收尾痛擊,thrash_landing
躍動 衝擊,motus_impact
空飛 俯瞰,aero_vantage
躍動 設局,motus_setup
狂風猛踢,gale_kick
躍動 信號,motus_signal
12 號甲板場景,deck_12_scene
降靈追獵者 prime 藍圖,ninkondi_prime_blueprint
諸葛連弩 prime 槍管,zhuge_prime_barrel
降靈追獵者 prime 握柄,ninkondi_prime_handle
降靈追獵者 prime 一套,ninkondi_prime_set
wukong prime 一套,wukong_prime_set
分裂斬斧 prime 握柄,scindo_prime_handle
極惡精準,vile_precision
視差瞄具,parallax_scope
生命力,vitality
狙擊槍彈藥蒐集者,sniper_scavenger
獵殺型庫狛 基因印記,sunika_kubrow_imprint
鏡像型庫娃 基因印記,adarza_kavat_imprint
絕路 prime 槍管,rubico_prime_barrel
暴風使者,stormbringer
爆發賦能,arcane_eruption
黃蜂秘奧頭盔,arcane_vespa_helmet
脫離速度,escape_velocity
驅逐 infested,expel_infested
集氣城雲霄場景,gas_city_cloud_vista_scene
燃燒彈頭,combustion_rounds
狙擊槍彈藥轉換,sniper_ammo_mutation
loki prime 藍圖,loki_prime_blueprint
穿透力,seeking_force
弱點專精,target_cracker
彈指瞬技,fleeting_expertise
關鍵延遲,critical_delay
激怒,provoked
腐壞打擊,spoiled_strike
燃燒外殼,incendiary_coat
線圈秘奧頭盔,arcane_coil_helmet
預言 協約,augur_accord
破裂填裝,breach_loader
雙短柄戰鐮 prime 藍圖,dual_kamas_prime_blueprint
母神悲歌,gaias_tragedy
拉特昂 prime 槍管,latron_prime_barrel
卡拉克 亡魂 槍管,karak_wraith_barrel
zenurik 晶體,zenurik_lens
矯捷竄升,agility_drift
咬碎,bite
續燃,afterburn
風起雲湧,rising_storm
ember prime 一套,ember_prime_set
蓄能重劃,redirection
狼牙 prime 一套,fang_prime_set
冰封護罩,chilling_globe
mag prime 一套,mag_prime_set
煉獄烈焱,exothermic
nekros prime 頭部神經光元 藍圖,nekros_prime_neuroptics_blueprint
鷹眼,eagle_eye
護盾超載,shield_overload
電弧線圈,arc_coil
混亂領域,chaos_sphere
狂化衝動,hysterical_fixation
褻瀆清算,defiled_reckoning
潰散射擊,crash_shot
彈藥儲轉箱,ammo_case
悅音 prime 一套,euphona_prime_set
真相之刃,blade_of_truth
聚焦能量,focus_energy
隼目,hawk_eye
野豬 prime 藍圖,boar_prime_blueprint
oberon prime 一套,oberon_prime_set
半人馬 劍刃,centaur_blade
掃蕩鋸齒,sweeping_serration
馴象鉤刃 刀刃,agkuza_blade
連動 蓄能,link_redirection
狂鯊 prime 藍圖,tiberon_prime_blueprint
棱晶 斬肉雙刀,prisma_dual_cleavers
定向匯聚,directed_convergence
saryn prime 藍圖,saryn_prime_blueprint
重創 prime,primed_heavy_trauma
覺醒賦能,arcane_awakening
gamma 信標,gamma_beacon
通牒賦能,arcane_ultimatum
德拉 破壞者 藍圖,dera_vandal_blueprint
棱晶 奧比克斯,prisma_obex
玻之武杖 prime 一套,bo_prime_set
野豬 prime 一套,boar_prime_set
布里斯提卡 prime 槍機,ballistica_prime_receiver
螺釘步槍 prime 一套,boltor_prime_set
斯特朗 亡魂 槍托,strun_wraith_stock
斯特朗 亡魂 一套,strun_wraith_set
科加基 prime 一套,kogake_prime_set
科加基 prime 拳套,kogake_prime_gauntlet
zephyr prime 藍圖,zephyr_prime_blueprint
拉托 破壞者 一套,lato_vandal_set
拉托 破壞者 藍圖,lato_vandal_blueprint
拉托 破壞者 槍管,lato_vandal_barrel
布萊頓 破壞者 一套,braton_vandal_set
grineer 駐紮地火砲場景,grineer_settlement_artillery_scene
赤毒要塞裂縫場景,kuva_fortress_crevice_scene
grineer 海底實驗室離心機場景,grineer_sealab_centrifuge_scene
月球樓廳場景,lua_balcony_scene
再啟動,reawaken
valkyr prime 頭部神經光元 藍圖,valkyr_prime_neuroptics_blueprint
半人馬 握柄,centaur_handle
預言 啟示,augur_message
真實懲罰,true_punishment
熵數起爆,entropy_detonation
撕裂鶴擊,rending_crane
空中偵察,air_recon
凱旋之爪 prime 藍圖,venka_prime_blueprint
悅音 prime 藍圖,euphona_prime_blueprint
奧努里克斯 握柄,onorix_handle
抵近射擊,point_blank
充能反彈,reflection
螫刺狂棘,stinging_thorn
霰彈槍增幅,shotgun_amp
魔導近點,magus_anomaly
雙短柄戰鐮 prime 握柄,dual_kamas_prime_handle
正直突波,virtuos_surge
標記目標,marked_target
強化刀鋒,empowered_blades
喀婆薩 prime 庫狛項圈扣,kavasa_prime_buckle
菌株 爆裂,strain_eruption
團結一致,stand_united
喀婆薩 prime 庫狛項圈帶,kavasa_prime_band
赤毒王座場景,kuva_throne_scene
聖殿通道場景,sanctuary_conduit_scene
劇毒之牙,venom_teeth
堅強崛起,rising_steel
狂怒穿刺,piercing_fury
星形紫莧石,star_amarast
啟明物懸浮驅動,venerdo_hoverdrive
軌上燃焰,trail_blazer
掃描物質,scan_matter
動能摩擦,kinetic_friction
掃描水生生命體,scan_lifeforms
乘空時間,air_time
護軌器,rail_guards
突擊模式,assault_mode
磁吸固鎖,mag_locks
慣性減震,inertia_dampeners
瓦斯托雙槍 prime 一套,akvasto_prime_set
永恆苦痛,perpetual_agony
靈活裝甲,armored_agility
殺傷計數,body_count
偏折賦能,arcane_deflection
創口潰爛,weeping_wounds
野馬雙槍 prime 連接器,akbronco_prime_link
朱紅暴風,vermillion_storm
致殘突擊,maiming_strike
偵查,investigator
火焰行者,firewalker
液壓準心,hydraulic_crosshairs
劇毒飛騰,toxic_flight
雷射瞄具,laser_sight
毀滅 infested,smite_infested
猛毒附加,venom_dose
撕裂翻轉,rending_turn
震波,seismic_wave
達克拉 prime 握柄,dakra_prime_handle
驅逐 grineer,expel_grineer
月神 prime 槍管,soma_prime_barrel
mag prime 頭部神經光元 藍圖,mag_prime_neuroptics_blueprint
爆發裝填 prime,primed_fast_hands
弗拉克斯 亡魂 一套,furax_wraith_set
死亡之眼,dead_eye
近戰裂罅 mod （尚未揭開）,melee_riven_mod_(veiled)
腐蝕投射,corrosive_projection
手槍裂罅 mod （尚未揭開）,pistol_riven_mod_(veiled)
重創,heavy_trauma
神威勇猛,exodia_valor
蓄力裝填,charged_chamber
潮汐湧淨,tidal_impunity
穿甲口徑,piercing_caliber
復燃秘奧頭盔,arcane_backdraft_helmet
凝膠爆破,adhesive_blast
動能碰撞,kinetic_collision
雷電米特爾,thundermiter
畫龍點睛,finishing_touch
活潑靜電,static_alacrity
ash prime 機體 藍圖,ash_prime_chassis_blueprint
猛虎 prime 藍圖,tigris_prime_blueprint
緊急後果,emergent_aftermath
不屈不撓,fortitude
ash prime 系統 藍圖,ash_prime_systems_blueprint
mag prime 系統 藍圖,mag_prime_systems_blueprint
棱晶 葛拉卡達,prisma_grakata
全面驅動,mobilize
守望者 prime 槍機,vectis_prime_receiver
自動板機,automatic_trigger
復原裝甲,armored_recovery
勇氣 惡龍,vaykor_sydon
串聯彈匣,slip_magazine
連牙追襲,homing_fang
優雅賦能,arcane_grace
捶擊,maul
構造強化,enhanced_vitality
玻之武杖 prime 飾品,bo_prime_ornament
德拉 破壞者 槍機,dera_vandal_receiver
甲龍雙拳 prime 一套,ankyros_prime_set
卑劣加速,vile_acceleration
彈頭擴散,barrel_diffusion
旋風,whirlwind
毒抗,antitoxin
衝擊干擾,disruptor
重口徑,heavy_caliber
穿甲傷害,piercing_hit
持久力,continuity
感染彈匣,tainted_clip
電擊震盪,shock_trooper
川流不息,flow
降速爆擊,critical_deceleration
蛟龍 prime 外殼,wyrm_prime_carapace
治癒烈焰,healing_flame
深淵之火,atlantis_vulcan
棱晶 特拉,prisma_tetra
破碎聲波,sonic_fracture
帕里斯 prime 一套,paris_prime_set
trinity prime 一套,trinity_prime_set
私法 軍備,vigilante_armaments
席芭莉絲 prime 藍圖,sybaris_prime_blueprint
欺幻魔燈,beguiling_lantern
布里斯提卡 prime 一套,ballistica_prime_set
正直狂怒,virtuos_fury
正直空無,virtuos_null
正直節奏,virtuos_tempo
神威氣力,exodia_force
正直鬼魅,virtuos_ghost
華彩刀劍,chromatic_blade
驅逐 orokin,expel_corrupted
角鬥士 聖盾,gladiator_aegis
抵消正義,neutralizing_justice
發光的黃道寶石,radiant_zodian
食人魚噬咬,biting_piranha
wukong prime 藍圖,wukong_prime_blueprint
wukong prime 系統 藍圖,wukong_prime_systems_blueprint
諸葛連弩 prime 弓弦,zhuge_prime_string
鍍金真相,gilded_truth
連動 纖維,link_fiber
頂天立地,sure_footed
血色萬柳,bleeding_willow
不朽意志,undying_will
鋼鐵鳳凰,iron_phoenix
尖銳之風,pointed_wind
穩定,stabilizer
步槍彈藥蒐集者,rifle_scavenger
加速,quickening
紅晶槍管,rubedo_lined_barrel
破甲,sundering_strike
抵消,negate
生長怪奇,peculiar_growth
技巧之劍 prime 刀刃,destreza_prime_blade
機甲 強化,mecha_empowered
機甲 脈衝,mecha_pulse
重鐵雨落,mafic_rain
原木衝擊,crashing_timber
污染水螅,tainted_hydra
盤旋鞭笞,lashing_coil
重生,regen
雷克斯雙槍 prime 連接器,aklex_prime_link
靈敏扳機,speed_trigger
預言 神密,augur_secrets
cressa 的駐紮處場景,cressas_garrison_scene
仲裁者法庭場景,arbiters_tribunal_scene
grineer 森林工業場景,grineer_forest_industry_scene
banshee prime 系統 藍圖,banshee_prime_systems_blueprint
箭矢轉換,arrow_mutation
hydroid prime 藍圖,hydroid_prime_blueprint
急速偏斜,hastened_deflection
傳染性注射,infectious_injection
慧黠斬剃,wise_razor
equinox prime 系統 藍圖,equinox_prime_systems_blueprint
archwing 槍械裂罅 mod （尚未揭開）,archgun_riven_mod_(veiled)
帕里斯 prime 藍圖,paris_prime_blueprint
震地共鳴,resonating_quake
多流抽擊,flailing_branch
結霜侵蝕,frostbite
集氣城中央降落場景,gas_city_central_drop_scene
月球 unairu 晶體,lua_unairu_lens
牧羊人,shepherd
orokin 高塔撤離點場景,orokin_tower_extraction_scene
致命效率,deadly_efficiency
正直熔爐,virtuos_forge
瓦斯托雙槍 prime 藍圖,akvasto_prime_blueprint
瓦斯托雙槍 prime 連接器,akvasto_prime_link
毒染套管,contamination_casing
onkko 的指揮所場景,onkkos_command_post_scene
通量射線超載,flux_overdrive
奧努里克斯 刀刃,onorix_blade
凱旋之爪 prime 一套,venka_prime_set
消音,suppress
目標入定,target_fixation
磁浮,maglev
淨化 grineer,cleanse_grineer
加劇反射,heightened_reflexes
狩獵,hunt
歐特魯斯 prime 藍圖,orthos_prime_blueprint
惡怨殿堂,hall_of_malevolence
毀滅 grineer,smite_grineer
烈焰風暴,firestorm
滅亡 corpus,bane_of_corpus
狂戰暴怒,berserker_fury
激奮剝奪,rousing_plunder
鬆弛彈匣,loose_magazine
生命狩獵,life_strike
翻筋斗,handspring
帕里斯 prime 弓身,paris_prime_grip
幸運射擊,lucky_shot
帶電槍管,electrified_barrel
極限彈容,maximum_capacity
救星誘餌,savior_decoy
纏旋風切,stalking_fan
滅亡 orokin prime,primed_bane_of_corrupted
保溫服,warm_coat
腐敗彈匣,tainted_mag
戰術性撤退,tactical_retreat
光明純淨,bright_purity
冰冷疾風,frigid_blast
破片彈頭,shrapnel_rounds
血色刃緣,bleeding_edge
和平追蹤者,pax_seeker
mesa prime 藍圖,mesa_prime_blueprint
equinox prime 頭部神經光元 藍圖,equinox_prime_neuroptics_blueprint
救贖者 prime 藍圖,redeemer_prime_blueprint
正直尖刺,virtuos_spike
提佩多 prime 藍圖,tipedo_prime_blueprint
鋸齒邊緣,serrated_edges
火焰防護,flame_repellent
量子切割器 破壞者,quanta_vandal
苦痛 德特昂,mara_detron
減震器,shock_absorbers
野馬 prime 槍機,bronco_prime_receiver
異融 alad v 導航坐標,mutalist_nav_coordinates
伯斯頓 prime 藍圖,burston_prime_blueprint
精湛快手,soft_hands
簧壓獵箭,spring_loaded_broadhead
裂隙洪流,rift_torrent
伯斯頓 prime 槍托,burston_prime_stock
一劍在手,sword_alone
機動裝填,tactical_reload
飛揚 prime 藍圖,hikou_prime_blueprint
催淚毒霧,tear_gas
串聯彈匣 prime,primed_slip_magazine
庇護,shelter
縱橫雙子,gemini_cross
破裂,rupture
先鋒秘奧頭盔,arcane_vanguard_helmet
巨人促進劑,fomorian_accelerant
川流不息 prime,primed_flow
凱旋將軍 破壞者 藍圖,imperator_vandal_blueprint
手槍彈藥轉換 prime,primed_pistol_ammo_mutation
潘德拉岡秘奧頭盔,arcane_pendragon_helmet
棱晶 真理巨劍,prisma_veritux
殘響共鳴,resonance
彈道靶心,ballistic_bullseye
volt prime 藍圖,volt_prime_blueprint
穿刺抛體,piercing_navigator
集氣城 alad 的實驗室場景,gas_city_alads_laboratory_scene
重裝火力,magnum_force
驅逐 corpus,expel_corpus
ember prime 機體 藍圖,ember_prime_chassis_blueprint
節奏賦能,arcane_tempo
madurai 晶體,madurai_lens
unairu 晶體,unairu_lens
狡詐竄升,cunning_drift
堅忍竄升,endurance_drift
耗弱連結,abating_link
力量竄升,power_drift
速度竄升,speed_drift
聖域爆發,hallowed_eruption
匿蹤竄升,stealth_drift
rhino prime 機體 藍圖,rhino_prime_chassis_blueprint
切割刃緣,cutting_edge
碎鐵彈片,iron_shrapnel
野馬雙槍 prime 一套,akbronco_prime_set
傳染蔓延,contagious_spread
靈敏賦能,arcane_agility
刺骨戰吼,piercing_roar
搬運者 prime 一套,carrier_prime_set
靜謐無蹤,hushed_invisibility
達克拉 prime 一套,dakra_prime_set
貪奪觸角,pilfering_swarm
鑽石皮膚,diamond_skin
德拉 破壞者 一套,dera_vandal_set
毒素數列,toxic_sequence
拉特昂 亡魂 藍圖,latron_wraith_blueprint
拉特昂 亡魂 槍機,latron_wraith_receiver
拉特昂 亡魂 槍托,latron_wraith_stock
拉特昂 亡魂 一套,latron_wraith_set
侵略領土,territorial_aggression
揮擊,swipe
猛撲,pounce
磨鋒之爪,sharpened_claws
雙子蝰蛇 亡魂 連接器,twin_vipers_wraith_link
雙子蝰蛇 亡魂 槍機,twin_vipers_wraith_receivers
雙子蝰蛇 亡魂 一套,twin_vipers_wraith_set
偵敵雷達,enemy_radar
nekros prime 機體 藍圖,nekros_prime_chassis_blueprint
衛士賦能,arcane_bodyguard
主武充能賦能,arcane_primary_charger
迅敏動量,swift_momentum
戰鬥教條,combat_discipline
刀刃充能賦能,arcane_blade_charger
近戰指引,melee_guidance
atlas prime 機體 藍圖,atlas_prime_chassis_blueprint
死亡魔方 prime 外殼,dethcube_prime_carapace
死亡魔方 prime 頭部,dethcube_prime_cerebrum
鐵鉤手甲 prime 手套,tekko_prime_gauntlet
死亡魔方 prime 藍圖,dethcube_prime_blueprint
死亡魔方 prime 一套,dethcube_prime_set
冰冷刃緣,glacial_edge
肢解,organ_shatter
limbo prime 系統 藍圖,limbo_prime_systems_blueprint
快閃時間,runtime
打帶跑,hit_and_run
ivara prime 頭部神經光元 藍圖,ivara_prime_neuroptics_blueprint
ivara prime 機體 藍圖,ivara_prime_chassis_blueprint
ivara prime 系統 藍圖,ivara_prime_systems_blueprint
蒼鷹 prime 藍圖,baza_prime_blueprint
蒼鷹 prime 一套,baza_prime_set
輕靈月神雙槍 prime 一套,aksomati_prime_set
輕靈月神雙槍 prime 連接器,aksomati_prime_link
蒼鷹 prime 槍托,baza_prime_stock
輕靈月神雙槍 prime 槍機,aksomati_prime_receiver
格拉姆 prime 握柄,gram_prime_handle
劍風 prime,primed_reach
庇護焚爐,warding_thurible
赫利俄斯 prime 藍圖,helios_prime_blueprint
極限速度,terminal_velocity
冰風暴,ice_storm
颶風海怪,cyclone_kraken
卡拉克 亡魂 槍機,karak_wraith_receiver
靈樞 圓盤,orvius_disc
vazarin 晶體,vazarin_lens
沉沒之爪,sinking_talon
生命轉換,health_conversion
增幅線圈,reflex_coil
瓦斯托 prime 槍機,vasto_prime_receiver
灼熱跳躍,searing_leap
戰利品探測器,loot_detector
持久牢獄,repelling_bastille
中空子彈,hollowed_bullets
scimitar 引擎 藍圖,scimitar_engines_blueprint
鐵甲衝鋒,ironclad_charge
veil 的拘束臺場景,veils_binding_scene
魔導驅動,magus_drive
快速裝填,quick_reload
菌株 病毒,strain_fever
archwing 槍械行家,archgun_ace
瘋狂堆疊,mad_stack
猛爆致病,teeming_virulence
福爾圖娜場景,fortuna_scene
提佩多 prime 飾品,tipedo_prime_ornament
斯特拉迪瓦 prime 槍機,stradavar_prime_receiver
狙擊特昂 破壞者 槍管,snipetron_vandal_barrel
毒蠍秘奧頭盔,arcane_scorpion_helmet
蛟龍 prime 頭部,wyrm_prime_cerebrum
迅敏視覺,spry_sights
目標感應,targeting_receptor
阿耶檀識 valana 塑像,ayatan_valana_sculpture
滅亡 infested,bane_of_infested
電擊觸點,shocking_touch
合成燃氣砲 槍管,cyngas_barrel
衝刺提升,sprint_boost
合成燃氣砲 槍托,cyngas_stock
狂怒標槍,furious_javelin
雷克斯 prime 藍圖,lex_prime_blueprint
幽暗枯竭,draining_gloom
集氣城元素精煉場景,gas_city_elemental_refinement_scene
地獄火,hellfire
精準彈藥,precision_munition
氬晶裝甲,argon_plating
corpus虛空鑰匙,corpus_void_key
飛揚 prime 一套,hikou_prime_set
彈頭導引,seeker
熔岩衝擊,molten_impact
歐特魯斯 prime 握柄,orthos_prime_handle
收割者 prime 刀刃,reaper_prime_blade
撕裂打擊,rending_strike
霰彈擴充,ammo_stock
自爆,self_destruct
簧壓膛室,spring_loaded_chamber
加速衝擊,accelerated_blast
分裂斬斧 prime 藍圖,scindo_prime_blueprint
污穢彈藥,tainted_shell
過激真相,stinging_truth
轉輪彈匣,repeater_clip
一擊必殺,killing_blow
內置觸媒,embedded_catalyzer
熔岩彈膛,magma_chamber
彈跳,rebound
卸能打擊,discharge_strike
風暴秘奧頭盔,arcane_storm_helmet
劍風,reach
抗爆覆甲,anti_flak_plating
淚滴形藍銅礦石,tear_azurite
霰彈槍裂罅 mod （尚未揭開）,shotgun_riven_mod_(veiled)
魔導韻律,magus_cadence
神威勇武,exodia_brave
神威狩獵,exodia_hunt
神威凱旋,exodia_triumph
魔導滋養,magus_nourish
正直暗影,virtuos_shadow
ember prime 系統 藍圖,ember_prime_systems_blueprint
frost prime 機體 藍圖,frost_prime_chassis_blueprint
rhino prime 系統 藍圖,rhino_prime_systems_blueprint
ember prime 藍圖,ember_prime_blueprint
侵蝕毀壞,eroding_blight
致命數列,deadly_sequence
熱病打擊,fever_strike
鋸齒彈鏈,sawtooth_clip
本質秘奧頭盔,arcane_essence_helmet
飛蝗秘奧頭盔,arcane_locust_helmet
皇家節奏,tempo_royale
弧度心智晶核,radian_sentirum
棱晶 蛇髮女妖,prisma_gorgon
頭腦風暴,brain_storm
日正當中,high_noon
散射正義,scattered_justice
殘暴浪潮,brutal_tide
漏斗狀雲,funnel_clouds
ash prime 藍圖,ash_prime_blueprint
什長雙槍 槍機,decurion_receiver
毀壞毒素,toxic_blight
喀婆薩 prime 庫狛項圈 藍圖,kavasa_prime_kubrow_collar_blueprint
阿耶檀識青藍星,ayatan_cyan_star
致死加速,fatal_acceleration
菲德菈 槍管,phaedra_barrel
盜賊天賦,thiefs_wit
弗拉克斯 亡魂 左拳套,furax_wraith_left_gauntlet
非凡技巧,melee_prowess
阿耶檀識琥珀星,ayatan_amber_star
長時癱瘓,prolonged_paralysis
步槍裂罅 mod （尚未揭開）,rifle_riven_mod_(veiled)
高射炮擊,flak_shot
貫徹始終,follow_through
持續火力,quickdraw
奚落守護,guardian_derision
冰冷雪崩,icy_avalanche
vay hek 座標頻率三角儀,vay_hek_frequency_triangulator
牽繩機雷,whiplash_mine
氣息療癒,odomedic
質子 噴射,proton_jet
協議覆蓋,security_override
裂隙避難所,rift_haven
馬謝特 亡魂,machete_wraith
火綾守護,safeguard
普羅沃 破壞者,prova_vandal
化像之道,path_of_statues
感染毒霧,contagion_cloud
收割者 prime 一套,reaper_prime_set
獻祭光環,immolated_radiance
vauban prime 藍圖,vauban_prime_blueprint
搬運者 prime 外殼,carrier_prime_carapace
充量彈容,full_capacity
磁吸釋放,magnetized_discharge
甲龍雙拳 prime 藍圖,ankyros_prime_blueprint
inaros 古墓場景,inaros_tomb_scene
野豬 prime 槍管,boar_prime_barrel
oberon prime 機體 藍圖,oberon_prime_chassis_blueprint
填彈上膛,lock_and_load
月動球競技場場景,lunaro_arena_scene
席瓦 & 神盾 prime 刀刃,silva_and_aegis_prime_blade
保衛者賦能,arcane_guardian
螺釘步槍 prime 藍圖,boltor_prime_blueprint
快速充能,fast_deflection
席芭莉絲 prime 一套,sybaris_prime_set
oberon prime 系統 藍圖,oberon_prime_systems_blueprint
蒼鷹 prime 槍機,baza_prime_receiver
毀滅 infested prime,primed_smite_infested
舍杜 槍管,shedu_barrel
舍杜 槍機,shedu_receiver
毀滅 corpus prime,primed_smite_corpus
sentient 源泉場景,sentient_fountain_scene
舍杜 一套,shedu_set
舍杜 機架,shedu_chassis
虛空斗篷,void_cloak
重整旗鼓,squad_renew
剖面密度,section_density
流焰燒燃,flow_burn
湧流突進,surging_dash
指揮家,conductor
蓄積長鞭,accumulating_whipclaw
心形夜石,heart_noctrul
光子中繼器,photon_repeater
救贖者 prime 一套,redeemer_prime_set
低溫外殼,hypothermic_shell
毀滅彈頭,warhead
戰鬥崗位,battle_stations
反制對策,countermeasures
祭血鍛造,blood_forge
野火洶湧,balefire_surge
sentient 盆地場景,sentient_basin_scene
sentient 樓廳場景,sentient_balcony_scene
永恆搖籃曲,endless_lullaby
魔導觸媒,magus_accelerant
迦倫提恩 prime 藍圖,galatine_prime_blueprint
滯空高手,aerial_ace
振能槍火,energizing_shot
固向翱翔,anchored_glide
惡毒彈匣,venomous_clip
德拉 破壞者 槍管,dera_vandal_barrel
平衡配重,counterweight
反重力榴彈,anti_grav_grenade
快速休整,brief_respite
歐特魯斯 prime 一套,orthos_prime_set
狂化突擊,hysterical_assault
躍浪好手,adept_surge
蛇髮女妖的狂熱,gorgon_frenzy
volt prime 一套,volt_prime_set
伊舍兄弟之石,esher_devar
banshee prime 頭部神經光元 藍圖,banshee_prime_neuroptics_blueprint
電光脈衝,electro_pulse
啃咬壓制,neutralize
嗅索取物,retrieve
凱旋將軍 破壞者 槍機,imperator_vandal_receiver
保障 勒克塔,secura_lecta
amesha 系統,amesha_systems_blueprint
amesha 機翼,amesha_wings_blueprint
amesha 外甲,amesha_harness_blueprint
amesha 一套,amesha_set
elytron 外甲,elytron_harness_blueprint
elytron 一套,elytron_set
itzal 系統 藍圖,itzal_systems_blueprint
itzal 機翼 藍圖,itzal_wings_blueprint
itzal 外甲 藍圖,itzal_harness_blueprint
itzal 一套,itzal_set
阿耶檀識 vaya 塑像,ayatan_vaya_sculpture
佩蘭數列強化mod,the_perrin_sequence_augment_mod
new loka augment mod,new_loka_augment_mod
均衡仲裁者強化mod,arbiters_of_hexis_augment_mod
招福,charm
貓眼,cats_eye
寵物治療套件,medi_pet_kit
收割者 prime 握柄,reaper_prime_handle
暗殺者 prime 槍管,sicarus_prime_barrel
布萊頓 prime 槍管,braton_prime_barrel
淨化烈焰,purifying_flames
能量超載,overcharged
elytron 機翼,elytron_wings_blueprint
頑皮,mischief
猛虎 prime 一套,tigris_prime_set
護盾充能,shield_charger
緋紅 暗黑匕首,rakta_dark_dagger
靜電釋放,static_discharge
痛苦閾值,pain_threshold
帕里斯 prime 弓弦,paris_prime_string
游離雙管,double_barrel_drift
蛇髮女妖 亡魂 藍圖,gorgon_wraith_blueprint
氬晶瞄具,argon_scope
爆散消亡,explosive_demise
暗殺者 prime 槍機,sicarus_prime_receiver
mantis 引擎 藍圖,mantis_engines_blueprint
準確射手,sure_shot
戰刃 prime 刀刃,glaive_prime_blade
蝕能磁觸,sapping_reach
卡拉克 亡魂 一套,karak_wraith_set
重擊巨鎚 prime 一套,fragor_prime_set
赤紅狂舞,crimson_dervish
史提托雙槍 prime 藍圖,akstiletto_prime_blueprint
史提托雙槍 prime 槍管,akstiletto_prime_barrel
深層冷凍,deep_freeze
史提托雙槍 prime 槍機,akstiletto_prime_receiver
體魄,physique
螺釘雙槍 prime 槍機,akbolto_prime_receiver
帕里斯 prime 上弓臂,paris_prime_upper_limb
螺釘雙槍 prime 藍圖,akbolto_prime_blueprint
席瓦 & 神盾 prime 藍圖,silva_and_aegis_prime_blueprint
分裂斬斧 prime 刀刃,scindo_prime_blade
悅音 prime 槍管,euphona_prime_barrel
mag prime 藍圖,mag_prime_blueprint
弗拉克斯 亡魂 藍圖,furax_wraith_blueprint
frost prime 系統 藍圖,frost_prime_systems_blueprint
冰冷躍動,ice_spring
碎裂衝擊,shattering_impact
非晶變壓器,morphic_transformer
赫利俄斯 prime 頭部,helios_prime_cerebrum
帕里斯 prime 下弓臂,paris_prime_lower_limb
三重連擊,triple_tap
惡毒猛禽,malicious_raptor
幽影之護,shield_of_shadows
空尖彈,hollow_point
不朽打擊,enduring_strike
延燒數列,sequence_burn
xiphos 機身 藍圖,xiphos_fuselage_blueprint
mantis 機身 藍圖,mantis_fuselage_blueprint
尖刃彈頭,bladed_rounds
撕裂,shred
mantis 飛航系統 藍圖,mantis_avionics_blueprint
膛線,serration
復原賦能,arcane_healing
scimitar 機身 藍圖,scimitar_fuselage_blueprint
快速收回,quick_return
避雷針,lightning_rod
溫暖賦能,arcane_warmth
鋼鐵充能,steel_charge
狂暴化,rage
未完之刺,lasting_sting
聖潔 執法者,sancti_magistar
電磁脈衝場,emp_aura
撫慰之風,pacifying_bolts
金屬纖維,metal_fiber
能量擴散,energy_amplifier
薇娜麗的護衛,venari_bodyguard
正直特洛伊,virtuos_trojan
致盲掠奪,blinding_reave
恐懼屏障,dread_ward
棱晶 葛恩火槍,prisma_grinlok
equinox prime 機體 藍圖,equinox_prime_chassis_blueprint
斯特拉迪瓦 prime 藍圖,stradavar_prime_blueprint
勇氣 瑪瑞火槍,vaykor_marelok
鋸刃彈頭,serrated_rounds
xiphos 引擎 藍圖,xiphos_engines_blueprint
titania prime 頭部神經光元 藍圖,titania_prime_neuroptics_blueprint
鯪鯉劍 prime 刀刃,pangolin_prime_blade
鯪鯉劍 prime 一套,pangolin_prime_set
titania prime 藍圖,titania_prime_blueprint
銳火減免,revo_reducer
sentient 手術刀,sentient_scalpel
titania prime 一套,titania_prime_set
苦罰裁決,tribunal
碾壓導向,catapult
熾烈掠奪,blazing_pillage
迷塵收割,spellbound_harvest
巡航速度,cruising_speed
巨砲回扣,artillery_cheap_shot
砲塔速度,turret_velocity
火砲回扣,ordnance_cheap_shot
弩砲測距,ballista_measure
迅速鎖定,quicklock
火砲速度,ordnance_velocity
淨化 grineer prime,primed_cleanse_grineer
淨化 infested prime,primed_cleanse_infested
淨化 corpus prime,primed_cleanse_corpus
淨化 orokin prime,primed_cleanse_corrupted
突變增殖,abundant_mutation
暈眩彈頭,dizzying_rounds
暴露孢子,revealing_spores
狂怒爆發,enraged
碎石堆積,rubble_heap
精準打擊,precision_strike
致命機動,deadly_maneuvers
banshee prime 藍圖,banshee_prime_blueprint
激冷裝填,chilling_reload
流線外形,streamlined_form
漂移接觸,drifting_contact
valkyr prime 機體 藍圖,valkyr_prime_chassis_blueprint
低溫彈頭 prime,primed_cryo_rounds
半人馬 一套,centaur_set
奧努里克斯 一套,onorix_set
馴象鉤刃 一套,agkuza_set
治癒歸復,healing_return
黑鴉 一套,corvas_set
踐踏加固,reinforcing_stomp
拉斯波恩 一套,rathbone_set
殘酷組合,relentless_combination
西諾斯 prime 藍圖,cernos_prime_blueprint
西諾斯 prime 下弓臂,cernos_prime_lower_limb
西諾斯 prime 上弓臂,cernos_prime_upper_limb
西諾斯 prime 弓身,cernos_prime_grip
異況超量,condition_overload
病毒暴風,viral_tempest
超速擊殺,dispatch_overdrive
長時苦難,enduring_affliction
手槍彈藥蒐集者,pistol_scavenger
蛟龍 prime 一套,wyrm_prime_set
naramon 轉換核心,naramon_transmute_core
vazarin 轉換核心,vazarin_transmute_core
復仇亡靈,vengeful_revenant
星體解析,astral_autopsy
ergo 的會議室場景,ergos_boardroom_scene
機動瞄準,agile_aim
衝擊預感,anticipation
夜靈平野場景,plains_of_eidolon_scene
撕碎射擊,shred_shot
伯斯頓 prime 槍管,burston_prime_barrel
滯痕冰浪,ice_wave_impedance
volt prime 系統 藍圖,volt_prime_systems_blueprint
達克拉 prime 刀刃,dakra_prime_blade
戰刃 prime 圓盤,glaive_prime_disc
阿耶檀識 ayr 塑像,ayatan_ayr_sculpture
延伸,stretch
馴象鈎刃 護手,agkuza_guard
聚精會神,intensify
重型彈頭,heavy_warhead
卡拉克 亡魂 槍托,karak_wraith_stock
madurai 轉換核心,madurai_transmute_core
毒素彈幕,toxic_barrage
頂級掠食者,apex_predator
霰彈槍彈藥轉換,shotgun_ammo_mutation
算計贏家,calculated_victory
超越推進,hyperion_thrusters
感染阻抗,infested_impedance
hydroid prime 系統 藍圖,hydroid_prime_systems_blueprint
動物本能 prime,primed_animal_instinct
貪奪穹頂,pilfering_strangledome
質子 脈衝,proton_pulse
集氣城升降機場景,gas_city_lifts_scene
三伏天場景,dog_days_scene
震波驅動器,shockwave_actuators
同化,assimilate
戰刃 prime 一套,glaive_prime_set
分裂斬斧 prime 一套,scindo_prime_set
終極 螺釘拐刃,telos_boltace
拉特昂 prime 槍機,latron_prime_receiver
拉特昂 prime 槍托,latron_prime_stock
雷克斯 prime 槍管,lex_prime_barrel
grineer 森林工廠場景,grineer_forest_factory_scene
心形靈息石,heart_nyth
絕壁強攻,impenetrable_offense
蘇達數據景觀場景,sudas_datascape_scene
席芭莉絲 prime 槍機,sybaris_prime_receiver
失衡護盾,staggering_shield
史提托雙槍 prime 一套,akstiletto_prime_set
詭詐鋒刃 一套,stropha_set
迅敏屠夫 一套,velox_set
鋼砲步槍 槍管,stahlta_barrel
鋼砲步槍 一套,stahlta_set
迅敏屠夫槍機,velox_receiver
詭詐鋒刃 刀刃,stropha_blade
鋼砲步槍 槍機,stahlta_receiver
詭詐鋒刃 槍機,stropha_receiver
詭詐鋒刃 槍托,stropha_stock
詭詐鋒刃 槍管,stropha_barrel
鋼砲步槍 槍托,stahlta_stock
迅敏屠夫槍管,velox_barrel
corpus 船艦庫場景,corpus_ship_hangar_scene
corpus 船舶場景,corpus_ship_bridge_scene
corpus 太空軌道砲場景,corpus_ship_orbital_cannon_scene
冷凍光束步槍 破壞者,glaxion_vandal
紅晶槍管 prime,primed_rubedo_lined_barrel
inaros prime 一套,inaros_prime_set
inaros prime 機體 藍圖,inaros_prime_chassis_blueprint
inaros prime 頭部神經光元 藍圖,inaros_prime_neuroptics_blueprint
inaros prime 藍圖,inaros_prime_blueprint
inaros prime 系統 藍圖,inaros_prime_systems_blueprint
獵豹 prime 槍托,panthera_prime_stock
凱洛斯特 prime 握柄,karyst_prime_handle
凱洛斯特 prime 一套,karyst_prime_set
獵豹 prime 一套,panthera_prime_set
獵豹 prime 槍管,panthera_prime_barrel
獵豹 prime 槍機,panthera_prime_receiver
獵豹 prime 藍圖,panthera_prime_blueprint
凱洛斯特 prime 藍圖,karyst_prime_blueprint
凱洛斯特 prime 刀刃,karyst_prime_blade
私法 補給,vigilante_supplies
月落烏啼,crushing_ruin
布萊頓 prime 槍托,braton_prime_stock
達克拉 prime 藍圖,dakra_prime_blueprint
心志偏狹,narrow_minded
xiphos 飛航系統 藍圖,xiphos_avionics_blueprint
堅守,stand_ground
戰刃 prime 藍圖,glaive_prime_blueprint
弱點專精 prime,primed_target_cracker
反射拔槍,reflex_draw
史提托雙槍 prime 連接器,akstiletto_prime_link
滅亡 orokin,bane_of_corrupted
hunhow 數據景觀場景,hunhows_datascape_scene
致殘槍彈,maim
oberon prime 藍圖,oberon_prime_blueprint
搜刮者,looter
手槍彈藥轉換,pistol_ammo_mutation
劇毒螫刺,poisonous_sting
harrow 神廟場景,harrows_temple_scene
amaryn 的避難所場景,amaryns_retreat_scene
色鍵場景,color_key_scene
菲德菈 一套,phaedra_set
西諾斯 prime 弓弦,cernos_prime_string
西諾斯 prime 一套,cernos_prime_set
valkyr prime 藍圖,valkyr_prime_blueprint
valkyr prime 一套,valkyr_prime_set
凱旋之爪 prime 爪刃,venka_prime_blades
賞金獵人,bounty_hunter
鎖定目標,target_acquired
覓心獵手,heartseeker
忠實搭檔,loyal_companion
狂暴尚武,martial_fury
果斷裁決,decisive_judgement
迴轉旋擊,twirling_spire
輔助動力,auxiliary_power
夜靈晶體 藍圖,eidolon_lens_blueprint
微光利爪,gleaming_talon
蒐集,scavenge
神槍手,gunslinger
分裂編織,sundering_weave
穿刺彈藥,impaler_munitions
鳳凰新生,phoenix_renewal
電衝彈藥,shell_shock
幼體爆發,larva_burst
弧刃回天,cleaving_whirlwind
人群驅散,crowd_dispersion
合成燃氣砲 槍機,cyngas_receiver
odonata prime 藍圖,odonata_prime_blueprint
無明制裁,blind_justice
全面接觸,full_contact
醫療射線,medi_ray
電磁防護,electromagnetic_shielding
凱旋將軍 破壞者 一套,imperator_vandal_set
加力燃燒,afterburner
手槍精通 prime,primed_pistol_gambit
勇氣 海克,vaykor_hek
液壓槍管,hydraulic_barrel
saryn prime 頭部神經光元 藍圖,saryn_prime_neuroptics_blueprint
海波斯庫拉對劍 prime 刀刃,nami_skyla_prime_blade
皇家拐刃 prime 握柄,kronen_prime_handle
角鬥士 靈巧,gladiator_finesse
預言 通靈,augur_reach
犧牲,sacrifice
獵者 追蹤,hunter_track
獵者 命令,hunter_command
野豬 prime 槍機,boar_prime_receiver
omega 信標,omega_beacon
蛻化再生,regenerative_molt
野豬 prime 槍托,boar_prime_stock
蛇髮女妖 亡魂 槍管,gorgon_wraith_barrel
科加基 prime 靴子,kogake_prime_boot
螺釘雙槍 prime 一套,akbolto_prime_set
螺釘雙槍 prime 連接器,akbolto_prime_link
螺釘雙槍 prime 槍管,akbolto_prime_barrel
布萊頓 破壞者 藍圖,braton_vandal_blueprint
limbo prime 一套,limbo_prime_set
分裂鎚音,partitioned_mallet
梯狀異骸石,trapezium_xenorhast
活力現榨,juice
岩者 胸廓,saxum_thorax
亡骸機甲 壓迫點,necramech_pressure_point
亡骸機甲 生命力,necramech_vitality
放血噬咬,draining_bite
亡骸機甲 氣流動,necramech_slipstream
強酸唾沫,acidic_spittle
內寄生媒,endoparasitic_vector
亡骸機甲 推進器,necramech_thrusters
損毀的亡骸機甲武器吊艙,damaged_necramech_weapon_pod
琢化天磨石,faceted_tiametrite
損毀的亡骸機甲引擎,damaged_necramech_engine
落地轟炸,bomb_the_landin
阿耶檀識 sah 塑像,ayatan_sah_sculpture
血色面紗強化mod,red_veil_augment_mod
狡詐面貌,cunning_aspect
反射,reflect
撕裂之風,rending_wind
黑鴉 槍機,corvas_receiver
高貴踏頻,noble_cadence
熱磁彈藥,thermagnetic_shells
黑鴉 槍托,corvas_stock
動力回彈,kinetic_ricochet
垂死掙扎,mortal_conduct
招架,parry
暗殺者 prime 藍圖,sicarus_prime_blueprint
蛇髮女妖 亡魂 一套,gorgon_wraith_set
飛升技巧,rising_skill
高壓粉碎,fracturing_crush
狼牙 prime 藍圖,fang_prime_blueprint
終結閃光,radiant_finish
兇惡終結,ferocity
xiphos 一套,xiphos_set
高壓電流,high_voltage
vauban prime 機體 藍圖,vauban_prime_chassis_blueprint
充能電幕,recharge_barrier
調節跳躍,tempered_bound
聚焦加速,focused_acceleration
衝擊巨力,collision_force
拉特昂 prime 藍圖,latron_prime_blueprint
布萊頓 prime 藍圖,braton_prime_blueprint
積穢驍龍,defiled_snapdragon
侍刃 prime 握柄,nikana_prime_hilt
復元,recuperate
侍刃 prime 一套,nikana_prime_set
弱點感應,vital_sense
valkyr prime 系統 藍圖,valkyr_prime_systems_blueprint
合成燃氣砲 一套,cyngas_set
破碎的戰爭之劍 一套,broken_war_set
凱旋之爪 prime 手套,venka_prime_gauntlet
死亡使徒 一套,kaszas_set
極速電磁步槍 一套,velocitus_set
巨浪 一套,fluctus_set
什長雙槍 一套,dual_decurion_set
廣域之視,broad_eye
電壓數列,voltage_sequence
野馬雙槍 prime 藍圖,akbronco_prime_blueprint
低溫彈頭,cryo_rounds
寂靜炮組,silent_battery
菲德菈 槍機,phaedra_receiver
悅音 prime 槍機,euphona_prime_receiver
瞬時堅毅,transient_fortitude
震盪彈頭,concussion_rounds
嚎聲,howl
馴象鉤刃 握柄,agkuza_handle
搬運者 prime 系統,carrier_prime_systems
致命匿殺,covert_lethality
輕羽箭,feathered_arrows
加載彈容,loaded_capacity
鬆弛槍膛,loose_chamber
閃避裝甲,armored_evade
奈米塗覆,nano_applicator
重點防禦,focused_defense
槍火引導,guided_ordnance
斯特朗 亡魂 藍圖,strun_wraith_blueprint
巨大石者,titanic_rumbler
旋刃飛刀 prime 藍圖,spira_prime_blueprint
旋刃飛刀 prime 一套,spira_prime_set
希芙 刀刃,sheev_blade
希芙 散熱片,sheev_heatsink
希芙 一套,sheev_set
轟隆石者,rumbled
狙擊特昂 破壞者 藍圖,snipetron_vandal_blueprint
獵人骨鋸,hunters_bonesaw
極速電磁步槍 槍管,velocitus_barrel
毒素抵抗,toxin_resistance
海波斯庫拉對劍 prime 一套,nami_skyla_prime_set
皇家拐刃 prime 一套,kronen_prime_set
赫利俄斯 prime 系統,helios_prime_systems
延展,extend
熱病打擊 prime,primed_fever_strike
神威觸染,exodia_contagion
狂鯊 prime 一套,tiberon_prime_set
神威流行病,exodia_epidemic
mirage prime 系統 藍圖,mirage_prime_systems_blueprint
mirage prime 藍圖,mirage_prime_blueprint
持續火力 prime,primed_quickdraw
機甲 充能,mecha_recharge
合成 纖維,synth_fiber
消音器,hush
重擊巨鎚 prime 鎚頭,fragor_prime_head
踐踏,trample
合金鑽頭,metal_auger
盜賊大師,master_thief
冷凍包覆,cryo_coating
爆發質量,bursting_mass
提佩多 prime 一套,tipedo_prime_set
斬鐵,true_steel
天啟異象,four_riders
守望者 prime 藍圖,vectis_prime_blueprint
動物本能,animal_instinct
灼熱光束,combustion_beam
哈庫那瞄具,harkonar_scope
集氣城走道場景,gas_city_walkway_scene
集氣城死亡出口場景,gas_city_dead_exit_scene
空氣動力,aerodynamic
atlas prime 一套,atlas_prime_set
鐵鉤手甲 prime 刀刃,tekko_prime_blade
鐵鉤手甲 prime 一套,tekko_prime_set
鐵鉤手甲 prime 藍圖,tekko_prime_blueprint
亡骸機甲 蓄能重劃,necramech_redirection
損毀的亡骸機甲武器槍管,damaged_necramech_weapon_barrel
損毀的亡骸機甲武器 一套,damaged_necramech_weapon_set
損毀的亡骸機甲武器槍機,damaged_necramech_weapon_receiver
感染撕咬,infectious_bite
麻痺孢子,paralytic_spores
新月逆演,crescent_devolution
猛甲逆演,panzer_devolution
同化傳粉,anabolic_pollination
頂級風采,primo_flair
血喉獸 倒鉤,jugulus_barbs
岩者 甲殼,saxum_carapace
短兵相接,hard_engage
霧化尾跡,vapor_trail
岩者 唾沫,saxum_spittle
損毀的亡骸機甲武器槍托,damaged_necramech_weapon_stock
亡骸機甲 劍風,necramech_reach
亡骸機甲 持久力,necramech_continuity
凸面凝晶石,cabochon_embolos
亡骸機甲 鋼鐵纖維,necramech_steel_fiber
血喉獸 脊刺,jugulus_spines
損毀的亡骸機甲 一套,damaged_necramech_set
純化赫龍石,purified_heciphron
病毒羽刺,viral_quills
嗜肉者 巨顎,carnis_mandible
損毀的亡骸機甲機艙,damaged_necramech_pod
亡骸機甲 燃料補給,necramech_refuel
嗜肉者 螫刺,carnis_stinger
新月衝鋒,crescent_charge
生存本能,survival_instinct
火衛二地底場景,deimos_underground_scene
火衛二魔裔禁地場景,deimos_cambion_drift_scene
nezha prime 藍圖,nezha_prime_blueprint
關刀 prime 藍圖,guandao_prime_blueprint
連擊殺手,combo_killer
奴役契約,thrall_pact
毀滅湧流,critical_surge
定理緩和,theorem_demulcent
毒孢步槍 藍圖,sporothrix_blueprint
亡骸機甲 效率,necramech_efficiency
定理感染,theorem_infection
蘭膜星 藍圖,arum_spinosa_blueprint
易爆即返,volatile_quick_return
穿絞利爪,blending_talons
蘭膜星護套,arum_spinosa_guard
蘭膜星 一套,arum_spinosa_set
毒孢步槍 一套,sporothrix_set
殘餘電觸,residual_shock
烈焰風暴 prime,primed_firestorm
猛烈爆發 prime,primed_fulmination
骨寡婦 一套,bonewidow_set
骨寡婦 武器吊艙,bonewidow_weapon_pod
骨寡婦 外殼,bonewidow_casing
葬棺者 槍托,morgha_stock
頌葬者 槍管,cortege_barrel
亡骸機甲 敵人感應,necramech_enemy_sense
頌葬者 槍托,cortege_stock
亡骸機甲 訓斥,necramech_rebuke
頌葬者 一套,cortege_set
骨寡婦 機艙,bonewidow_capsule
虛空魂 一套,voidrig_set
亡骸機甲 飛行員,necramech_aviator
阿耶檀識 hemakara 塑像,ayatan_hemakara_sculpture
棱晶 什長雙槍,prisma_dual_decurions
席多 槍管,cedo_barrel
席多 槍機,cedo_receiver
席多 一套,cedo_set
mirage prime 機體 藍圖,mirage_prime_chassis_blueprint
科加基 prime 藍圖,kogake_prime_blueprint
黃蜂螫刺,hornet_strike
席芭莉絲 prime 槍托,sybaris_prime_stock
礦石凝視,ore_gaze
私法 侵犯,vigilante_offense
魔導充盈,magus_replenish
獵者 協力,hunter_synergy
割裂羽翼,slicing_feathers
布萊頓 破壞者 槍機,braton_vandal_receiver
布萊頓 破壞者 槍托,braton_vandal_stock
花開怪奇,peculiar_bloom
chroma prime 一套,chroma_prime_set
防護型庫狛 基因印記,raksa_kubrow_imprint
絕路 prime 一套,rubico_prime_set
格拉姆 prime 藍圖,gram_prime_blueprint
幽靈伏擊,ambush
hunhow 大廳場景,hunhows_chamber_scene
月球拘禁場景,lua_containment_scene
落銀樹庭聖所場景,silver_grove_shrine_scene
合成 反射,synth_reflex
合成 解構,synth_deconstruct
取回,fetch
技法 強化,tek_enhance
崩毀浩劫,crashing_havoc
旋刃飛刀 prime 鏢袋,spira_prime_pouch
電控護盾,transistor_shield
填彈加速,shell_rush
希芙 藍圖,sheev_blueprint
希芙 握柄,sheev_hilt
banshee prime 一套,banshee_prime_set
vauban prime 一套,vauban_prime_set
mesa 的華爾茲,mesas_waltz
重擊巨鎚 prime 藍圖,fragor_prime_blueprint
inaros 之沙,sands_of_inaros
重擊巨鎚 prime 握柄,fragor_prime_handle
vauban prime 系統 藍圖,vauban_prime_systems_blueprint
煉獄轟擊,scattering_inferno
死亡使徒 握柄,kaszas_handle
特斯拉電容,tesla_bank
導路龍骸,guided_effigy
持久聖約,lasting_covenant
剃刀之翼的閃擊,razorwing_blitz
魔導遊雲,magus_cloud
復仇,revenge
邪惡蓄力,corrupt_charge
均衡點,equilibrium
搬運者 prime 頭部,carrier_prime_cerebrum
最終先驅,final_harbinger
伯斯頓 prime 一套,burston_prime_set
loki prime 一套,loki_prime_set
nova prime 一套,nova_prime_set
nyx prime 一套,nyx_prime_set
月神 prime 一套,soma_prime_set
迅速抽換,twitch
劇毒升騰,venomous_rise
腎上腺激素,adrenaline_boost
盲目射擊,blind_shot
屠戮換彈,kill_switch
saryn prime 機體 藍圖,saryn_prime_chassis_blueprint
獵者 戰備,hunter_munitions
狂鯊 prime 槍機,tiberon_prime_receiver
流星彈藥,meteor_munitions
加速賦能,arcane_acceleration
預言 探求,augur_seeker
片刻喘息,momentary_pause
永恆戰意,eternal_war
螺釘步槍 prime 槍管,boltor_prime_barrel
角鬥士 猛突,gladiator_rush
私法 活力,vigilante_vigor
布萊頓 prime 槍機,braton_prime_receiver
溢能感應,overcharge_detectors
綜觀全局,overview
殺戮獎勵,prize_kill
護盾速充,quick_charge
步槍彈藥轉換 prime,primed_rifle_ammo_mutation
剃刀彈藥,razor_munitions
蜘蛛賦能,arcane_arachne
動量賦能,arcane_momentum
精確賦能,arcane_precision
冷靜與瘋狂,calm_and_frenzy
和平挑釁,peaceful_provocation
saryn prime 系統 藍圖,saryn_prime_systems_blueprint
delta 信標,delta_beacon
侍刃 prime 藍圖,nikana_prime_blueprint
痊癒,recover
侍刃 prime 刀刃,nikana_prime_blade
火成碎流,pyroclastic_flow
電導刀刃,conductive_blade
zephyr prime 頭部神經光元 藍圖,zephyr_prime_neuroptics_blueprint
zephyr prime 一套,zephyr_prime_set
狼魚咬咬,gnashing_payara
皇家拐刃 prime 藍圖,kronen_prime_blueprint
狂鯊 prime 槍管,tiberon_prime_barrel
皇家拐刃 prime 刀刃,kronen_prime_blade
純淨之風,winds_of_purity
懲戒,retribution
活線追擊,live_wire
ivara prime 一套,ivara_prime_set
數學證明片段,proof_fragment
強化箭袋,empowered_quiver
不竭貪婪,insatiable
強力切換,vigorous_swap
乏能迅敏,anemic_agility
翻滾防護,rolling_guard
槍口閃焰,muzzle_flash
grineer 森林水泵場景,grineer_forest_water_pump_scene
神威力量,exodia_might
復仇真相,avenging_truth
mirage prime 頭部神經光元 藍圖,mirage_prime_neuroptics_blueprint
teshin 的隱居處場景,teshins_refuge_scene
布里斯提卡 prime 上弓臂,ballistica_prime_upper_limb
雙重彈頭,dual_rounds
靈樞 刀刃,orvius_blade
超載彈匣,burdened_magazine
海波斯庫拉對劍 prime 藍圖,nami_skyla_prime_blueprint
音波衝刺,sonic_boost
和平電閃,pax_bolt
覺醒雙槍 prime 一套,akjagara_prime_set
覺醒雙槍 prime 連接器,akjagara_prime_link
魔導熱熔,magus_melt
堅決專注,resolute_focus
魔導防火牆,magus_firewall
魔導穿破,magus_destruct
枯竭詛咒,desiccations_curse
斯特拉迪瓦 prime 槍管,stradavar_prime_barrel
斯特拉迪瓦 prime 槍托,stradavar_prime_stock
修補套件,repair_kit
空飛 邊際,aero_periphery
反重力陣列,anti_grav_array
空飛 靈巧,aero_agility
庫娃的優雅,kavats_grace
靜態力場,stasis_field
牽引光束,tractor_beam
質子 吸附,proton_snap
通風小子俱樂部場景,ventkids_clubhouse_scene
集氣城玄關底層場景,gas_city_lower_foyer_scene
集氣城走廊場景,gas_city_corridors_scene
集氣城調節器場景,gas_city_regulators_scene
膛室 prime,primed_chamber
odonata prime 機翼 藍圖,odonata_prime_wings_blueprint
狂暴追獵,seeking_fury
夜靈 naramon 晶體,eidolon_naramon_lens
流星撞擊,meteor_crash
狂鯊 prime 槍托,tiberon_prime_stock
魔導外殼,magus_husk
魔導振奮,magus_elevate
獵者 復元,hunter_recovery
守護者,guardian
mirage prime 一套,mirage_prime_set
庇護煙幕,smoke_shadow
光譜切割器 破壞者 槍把,spectra_vandal_handle
光譜切割器 破壞者 藍圖,spectra_vandal_blueprint
連發爆破,shatter_burst
量子違反,breach_quanta
繫鏈,tether
棱晶 雙子小精靈,prisma_twin_gremlins
天界黃昏,celestial_nightfall
充電彈頭 prime,primed_charged_shell
覺醒雙槍 prime 槍管,akjagara_prime_barrel
帶電子彈,charged_bullets
粒子撞擊,particle_ram
封鎖脈衝,blackout_pulse
覆殼彈藥,sabot_rounds
絕路 prime 槍機,rubico_prime_receiver
迦倫提恩 prime 刀刃,galatine_prime_blade
格拉姆 prime 一套,gram_prime_set
聖潔 猛虎,sancti_tigris
絕路 prime 槍托,rubico_prime_stock
nekros prime 藍圖,nekros_prime_blueprint
trinity prime 系統 藍圖,trinity_prime_systems_blueprint
手槍增幅,pistol_amp
萬事俱備,preparation
titania prime 機體 藍圖,titania_prime_chassis_blueprint
科林斯 prime 槍托,corinth_prime_stock
科林斯 prime 藍圖,corinth_prime_blueprint
titania prime 系統 藍圖,titania_prime_systems_blueprint
亡骸機甲 聚精會神,necramech_intensify
狂暴,fury
黃水晶解毒劑,citrine_antitoxin
病囊飛刃 下皮層,pathocyst_subcortex
atlas prime 系統 藍圖,atlas_prime_systems_blueprint
atlas prime 頭部神經光元 藍圖,atlas_prime_neuroptics_blueprint
atlas prime 藍圖,atlas_prime_blueprint
死亡魔方 prime 系統,dethcube_prime_systems
食人魚 prime 一套,pyrana_prime_set
殘酷無息,savage_silence
割魂火圈,reaping_chakram
蘇普拉 破壞者,supra_vandal
limbo prime 藍圖,limbo_prime_blueprint
布萊頓 破壞者 槍管,braton_vandal_barrel
破滅,ravage
技巧之劍 prime 藍圖,destreza_prime_blueprint
萬能密鑰,master_key
有眼如盲,out_of_sight
khra,khra
lohk,lohk
血償火器,blood_for_ammo
萬無一失,failsafe
噬血嗜能,blood_for_energy
xata,xata
裂箭分飛,split_flights
格拉姆 prime 刀刃,gram_prime_blade
伏打電能,voltaic_strike
limbo prime 機體 藍圖,limbo_prime_chassis_blueprint
阿耶檀識 anasa 塑像,ayatan_anasa_sculpture
拉托 破壞者 槍機,lato_vandal_receiver
技法 猛襲,tek_assault
技法 引力,tek_gravity
技法 連帶,tek_collateral
合成 充能,synth_charge
機甲 超載,mecha_overdrive
星辰分裂,star_divide
旋刃飛刀 prime 刀刃,spira_prime_blade
狙擊特昂 破壞者 槍機,snipetron_vandal_receiver
能量力場,energy_field
黃道碎裂,zodiac_shred
空中推進,air_thrusters
重生 prime,primed_regen
步槍才能,rifle_aptitude
預言 契約,augur_pact
瞬移斬殺,fatal_teleport
長吻,proboscis
狂怒,furor
致病禍害,virulent_scourge
雷克斯 prime 槍機,lex_prime_receiver
斬殺懸浮板,slay_board
mesa prime 頭部神經光元 藍圖,mesa_prime_neuroptics_blueprint
救贖者 prime 握柄,redeemer_prime_handle
關鍵焦點,critical_focus
彈鏈,ammo_chain
希圖斯場景,cetus_scene
離子注入,ion_infusion
惡狼戰鎚握柄,wolf_sledge_handle
equinox prime 一套,equinox_prime_set
亡骸機甲 震波,necramech_seismic_wave
亡骸機甲 延伸,necramech_stretch
granum 虛空場景,granum_void_scene
癒療箭矢,bhisaj_bal
亡骸機甲 充能,necramech_deflection
植物學家,botanist
連擊狂怒,combo_fury
關刀 prime 一套,guandao_prime_set
毒芽 prime 一套,zakti_prime_set
殘餘癤瘤,residual_boils
毒孢步槍 槍機,sporothrix_receiver
亡骸機甲 川流不息,necramech_flow
爆毒寄生,volatile_parasite
殘餘毒血,residual_viremia
殘餘惡臭,residual_malodor
馬赫猛擊,mach_crash
易爆反彈,volatile_rebound
毒孢步槍 槍管,sporothrix_barrel
阿耶檀識 kitha 塑像,ayatan_kitha_sculpture
定理觸染,theorem_contagion
葬棺者 槍機,morgha_receiver
頌葬者 槍機,cortege_receiver
虛空魂 引擎,voidrig_engine
亡骸機甲 預言,necramech_augur
骨寡婦 引擎,bonewidow_engine
席多 槍托,cedo_stock
適應,adaptation
神射手,sharpshooter
獻出力量,power_donation
謹慎射擊,cautious_shot
反轉脈衝,counter_pulse
蒼鷹 prime 槍管,baza_prime_barrel
輕靈月神雙槍 prime 槍管,aksomati_prime_barrel
grendel 系統定位裝置,grendel_systems_locator
光譜切割器 破壞者 機架,spectra_vandal_chassis
光譜切割器 破壞者 一套,spectra_vandal_set
毀滅 grineer prime,primed_smite_grineer
sentient 廳堂場景,sentient_concourse_scene
grendel 機體定位裝置,grendel_chassis_locator
壓制火勢,fire_suppression
離子爆燃,ion_burn
戰鬥鍛造,battle_forge
治癒玻片,mending_splinters
掠奪,despoil
包覆遊雲,enveloping_cloud
急流,jet_stream
黑鴉 槍管,corvas_barrel
無耗能飛躍,no_current_leap
翼膜,patagium
棱晶 空刃,prisma_skana
野馬 prime 一套,bronco_prime_set
星體切砍,astral_slash
zephyr prime 系統 藍圖,zephyr_prime_systems_blueprint
二元性狀,duality
探推－挽拉,push_and_pull
高效傳輸,efficient_transferral
集氣城上層物流部場景,gas_city_upper_logistics_scene
月球 zenurik 晶體,lua_zenurik_lens
天青石解毒劑,lapis_antitoxin
辰砂解毒劑,vermillion_antitoxin
暴露魚叉,exposing_harpoon
高效光束,efficient_beams
夥伴武器裂罅 mod （尚未揭開）,companion_weapon_riven_mod_(veiled)
綠寶石解毒劑,beryl_antitoxin
細心瞄準,meticulous_aim
月球晶體 藍圖,lua_lens_blueprint
月球 madurai 晶體,lua_madurai_lens
黃玉解毒劑,topaz_antitoxin
紫水晶解毒劑,amethyst_antitoxin
月球 vazarin 晶體,lua_vazarin_lens
月球 naramon 晶體,lua_naramon_lens
坦克賦能,arcane_tanker
槍砲賦能,arcane_pistoleer
病囊飛刃 藍圖,pathocyst_blueprint
病囊飛刃 刀刃,pathocyst_blade
病囊飛刃 一套,pathocyst_set
集中箭矢,concentrated_arrow
ash prime 一套,ash_prime_set
limbo prime 頭部神經光元 藍圖,limbo_prime_neuroptics_blueprint
能量轉移,energy_transfer
笑面型庫娃 基因印記,smeeta_kavat_imprint
chroma prime 藍圖,chroma_prime_blueprint
阿耶檀識 zambuka 塑像,ayatan_zambuka_sculpture
自動駭入,auto_breach
消蹤匿跡,untraceable
vome,vome
fass,fass
雙子蝰蛇 亡魂 槍管,twin_vipers_wraith_barrels
欖尖形赤色水晶,marquise_thyst
突擊型庫狛 基因印記,sahasa_kubrow_imprint
匿蹤型庫狛 基因印記,huras_kubrow_imprint
淚滴形填充細石,goblite_tears
氮氣噴射,nitro_boost
極限加速,extreme_velocity
和平蓄充,pax_charge
mesa prime 一套,mesa_prime_set
mesa prime 系統 藍圖,mesa_prime_systems_blueprint
mesa prime 機體 藍圖,mesa_prime_chassis_blueprint
魔導復位,magus_revert
入侵停滯,intruder_stasis
超強打擊,hyperstrike
猛禽掠奪,predator
圓錐噴管,conic_nozzle
急速裝填,ripload
三角旗 藍圖,pennant_blueprint
聚結編隊,form_up
鎮壓者 藍圖,quellor_blueprint
自導齊射,seeker_volley
反動風暴,reactive_storm
樞議 重力奇點擬成槍,synoid_simulor
絕路 prime 藍圖,rubico_prime_blueprint
trinity prime 機體 藍圖,trinity_prime_chassis_blueprint
成長之力,growing_power
血債血還,blood_for_life
jahu,jahu
ris,ris
netra,netra
ivara prime 藍圖,ivara_prime_blueprint
輕靈月神雙槍 prime 藍圖,aksomati_prime_blueprint
舍杜 槍把,shedu_handle
光譜切割器 破壞者 槍管,spectra_vandal_barrel
噬血型庫娃 基因印記,vasca_kavat_imprint
毀滅 orokin prime,primed_smite_corrupted
grendel 頭部神經光元定位裝置,grendel_neuroptics_locator
前鋒巨砲,forward_artillery
砲彈旋渦,munitions_vortex
lotus 大廳場景,chamber_of_the_lotus_scene
削甲手裡劍,seeking_shuriken
電擊加速,shocking_speed
復仇者賦能,arcane_avenger
nekros prime 一套,nekros_prime_set
幻象賦能,arcane_phantasm
nekros prime 系統 藍圖,nekros_prime_systems_blueprint
chroma prime 系統 藍圖,chroma_prime_systems_blueprint
終末使者,last_herald
憤怒賦能,arcane_rage
chroma prime 機體 藍圖,chroma_prime_chassis_blueprint
迦倫提恩 prime 一套,galatine_prime_set
chroma prime 頭部神經光元 藍圖,chroma_prime_neuroptics_blueprint
覺醒雙槍 prime 藍圖,akjagara_prime_blueprint
菌株 感染,strain_infection
迅逃夭,quick_escape
虛空黑洞,void_hole
死亡綻放,death_blossom
sentient 聖壇場景,sentient_altar_scene
賽爾火槍,zylok
迦倫提恩 prime 握柄,galatine_prime_handle
冷抵步,cold_arrival
怨怒報復,vexing_retaliation
魔導封鎖,magus_lockdown
尋獵型庫狛 基因印記,chesa_kubrow_imprint
緋紅西諾斯,rakta_cernos
卜卜彈騰,pop_top
雙短柄戰鐮 prime 刀刃,dual_kamas_prime_blade
控馭滑行,controlled_slide
治癒槍火,mending_shot
鋼護飛騰,ironclad_flight
鯪鯉劍 prime 握柄,pangolin_prime_handle
科林斯 prime 一套,corinth_prime_set
鯪鯉劍 prime 藍圖,pangolin_prime_blueprint
超量填彈,overloader
科林斯 prime 槍管,corinth_prime_barrel
科林斯 prime 槍機,corinth_prime_receiver
損毀的亡骸機甲外殼,damaged_necramech_casing
星狀亡骸石,stellated_necrathene
淨化大滾石,purged_dagonic
血注,transfusion
嗜肉者 甲殼,carnis_carapace
血喉獸 甲殼,jugulus_carapace
狡詐逆演,sly_devolution
爆破護盾,blast_shield
療效菌絲,iatric_mycelium
火衛二隔離庫場景,deimos_vault_scene
火衛二心室場景,deimos_chamber_scene
火衛二突圍場景,deimos_breakthrough_scene
亡骸機甲 簡化,necramech_streamline
grineer 帆船戰艦貨艙場景,grineer_galleon_cargo_scene
軌道飛行器場景,orbiter_scene
巨砲砲臺場景,artillery_battery_scene
火衛二墓窟場景,deimos_catacombs_scene
火衛二隧道場景,deimos_tunnels_scene
毒液猛爆,damzav_vati
殺戮真諦,hata_satya
永動彈雨,zazvat_kar
corpus 貨儲倉庫場景,corpus_depository_scene
亡骸機甲 液壓機,necramech_hydraulics
亡骸機甲 閃襲,necramech_blitz
集氣城元素分配場景,gas_city_element_distribution_scene
亡骸機甲 狂怒,necramech_fury
火衛二墮落場景,deimos_downfall_scene
關刀 prime 刀刃,guandao_prime_blade
毒芽 prime 藍圖,zakti_prime_blueprint
關刀 prime 握柄,guandao_prime_handle
毒芽 prime 槍管,zakti_prime_barrel
nezha prime 系統 藍圖,nezha_prime_systems_blueprint
nezha prime 機體 藍圖,nezha_prime_chassis_blueprint
毒芽 prime 槍機,zakti_prime_receiver
nezha prime 頭部神經光元 藍圖,nezha_prime_neuroptics_blueprint
nezha prime 一套,nezha_prime_set
亡骸機甲 竄升,necramech_drift
毒孢步槍 槍托,sporothrix_stock
蘭膜星鉚釘,arum_spinosa_rivet
殉難共生,martyr_symbiosis
亡骸機甲 摩擦力,necramech_friction
亡骸機甲 修復,necramech_repair
虛空魂 外殼,voidrig_casing
葬棺者 一套,morgha_set
刻帝 悲痛之刃 藍圖,ceti_lacera_blueprint
亡骸機甲 狂暴化,necramech_rage
葬棺者 槍管,morgha_barrel
虛空魂 機艙,voidrig_capsule
雙角蛇 藍圖,basmu_blueprint
虛空魂 武器吊艙,voidrig_weapon_pod
席多 藍圖,cedo_blueprint
octavia prime 藍圖,octavia_prime_blueprint
雙簧管 prime 藍圖,tenora_prime_blueprint
雙簧管 prime 槍機,tenora_prime_receiver
手鼓 prime 一套,pandero_prime_set
雙簧管 prime 槍托,tenora_prime_stock
雙簧管 prime 一套,tenora_prime_set
手鼓 prime 槍管,pandero_prime_barrel
雙簧管 prime 槍管,tenora_prime_barrel
octavia prime 機體 藍圖,octavia_prime_chassis_blueprint
octavia prime 頭部神經光元 藍圖,octavia_prime_neuroptics_blueprint
手鼓 prime 槍機,pandero_prime_receiver
octavia prime 系統 藍圖,octavia_prime_systems_blueprint
手鼓 prime 藍圖,pandero_prime_blueprint
octavia prime 一套,octavia_prime_set
急凍控場 prime,primed_chilling_grasp
均衡點 (steam pinnacle pack),equilibrium_(steam_pinnacle_pack)
野獸印記,mark_of_the_beast
nihil 的遺忘瓶 （鑰匙）,nihils_oubliette_(key)
baro 虛空訊號（鑰匙）,baro_void_signal_(key)
鎮魂 iv 遺物,requiem_iv_relic
鎮魂 iii 遺物,requiem_iii_relic
鎮魂 ii 遺物,requiem_ii_relic
鎮魂 i 遺物,requiem_i_relic
後紀 h3 遺物,axi_h3_relic
後紀 o2 遺物,axi_o2_relic
後紀 k2 遺物,axi_k2_relic
後紀 r1 遺物,axi_r1_relic
後紀 b2 遺物,axi_b2_relic
後紀 l5 遺物,axi_l5_relic
後紀 p1 遺物,axi_p1_relic
後紀 m1 遺物,axi_m1_relic
後紀 d1 遺物,axi_d1_relic
後紀 g2 遺物,axi_g2_relic
後紀 o1 遺物,axi_o1_relic
後紀 v8 遺物,axi_v8_relic
後紀 h2 遺物,axi_h2_relic
後紀 c2 遺物,axi_c2_relic
後紀 a10 遺物,axi_a10_relic
後紀 t5 遺物,axi_t5_relic
後紀 t4 遺物,axi_t4_relic
後紀 g4 遺物,axi_g4_relic
後紀 h1 遺物,axi_h1_relic
後紀 s5 遺物,axi_s5_relic
後紀 v9 遺物,axi_v9_relic
後紀 e2 遺物,axi_e2_relic
後紀 s3 遺物,axi_s3_relic
後紀 b1 遺物,axi_b1_relic
後紀 e1 遺物,axi_e1_relic
後紀 a2 遺物,axi_a2_relic
後紀 t6 遺物,axi_t6_relic
後紀 c6 遺物,axi_c6_relic
後紀 w2 遺物,axi_w2_relic
後紀 a13 遺物,axi_a13_relic
後紀 o5 遺物,axi_o5_relic
後紀 s6 遺物,axi_s6_relic
後紀 c1 遺物,axi_c1_relic
後紀 s8 遺物,axi_s8_relic
後紀 v10 遺物,axi_v10_relic
後紀 s7 遺物,axi_s7_relic
後紀 z1 遺物,axi_z1_relic
後紀 v5 遺物,axi_v5_relic
後紀 a3 遺物,axi_a3_relic
後紀 v7 遺物,axi_v7_relic
後紀 c4 遺物,axi_c4_relic
後紀 l3 遺物,axi_l3_relic
後紀 h4 遺物,axi_h4_relic
後紀 r2 遺物,axi_r2_relic
後紀 a5 遺物,axi_a5_relic
後紀 s4 遺物,axi_s4_relic
後紀 v4 遺物,axi_v4_relic
後紀 l4 遺物,axi_l4_relic
後紀 a4 遺物,axi_a4_relic
後紀 l2 遺物,axi_l2_relic
後紀 o3 遺物,axi_o3_relic
後紀 k3 遺物,axi_k3_relic
後紀 g1 遺物,axi_g1_relic
後紀 t1 遺物,axi_t1_relic
後紀 a9 遺物,axi_a9_relic
後紀 p3 遺物,axi_p3_relic
後紀 d2 遺物,axi_d2_relic
後紀 b3 遺物,axi_b3_relic
後紀 a8 遺物,axi_a8_relic
後紀 w1 遺物,axi_w1_relic
後紀 b4 遺物,axi_b4_relic
後紀 c5 遺物,axi_c5_relic
後紀 a11 遺物,axi_a11_relic
後紀 n3 遺物,axi_n3_relic
後紀 v6 遺物,axi_v6_relic
後紀 n5 遺物,axi_n5_relic
後紀 n4 遺物,axi_n4_relic
後紀 v3 遺物,axi_v3_relic
後紀 n2 遺物,axi_n2_relic
後紀 v2 遺物,axi_v2_relic
後紀 k5 遺物,axi_k5_relic
後紀 t2 遺物,axi_t2_relic
後紀 s2 遺物,axi_s2_relic
後紀 l1 遺物,axi_l1_relic
後紀 a1 遺物,axi_a1_relic
後紀 n1 遺物,axi_n1_relic
後紀 o4 遺物,axi_o4_relic
後紀 k4 遺物,axi_k4_relic
後紀 c3 遺物,axi_c3_relic
後紀 k1 遺物,axi_k1_relic
後紀 a12 遺物,axi_a12_relic
後紀 h5 遺物,axi_h5_relic
後紀 v1 遺物,axi_v1_relic
後紀 t3 遺物,axi_t3_relic
後紀 g3 遺物,axi_g3_relic
後紀 r3 遺物,axi_r3_relic
後紀 a6 遺物,axi_a6_relic
後紀 p2 遺物,axi_p2_relic
後紀 a7 遺物,axi_a7_relic
後紀 n6 遺物,axi_n6_relic
後紀 s1 遺物,axi_s1_relic
中紀 z1 遺物,neo_z1_relic
中紀 b4 遺物,neo_b4_relic
中紀 k1 遺物,neo_k1_relic
中紀 n7 遺物,neo_n7_relic
中紀 b3 遺物,neo_b3_relic
中紀 n6 遺物,neo_n6_relic
中紀 r2 遺物,neo_r2_relic
中紀 z3 遺物,neo_z3_relic
中紀 s12 遺物,neo_s12_relic
中紀 b2 遺物,neo_b2_relic
中紀 o1 遺物,neo_o1_relic
中紀 s6 遺物,neo_s6_relic
中紀 v5 遺物,neo_v5_relic
中紀 r4 遺物,neo_r4_relic
中紀 m3 遺物,neo_m3_relic
中紀 p1 遺物,neo_p1_relic
中紀 i2 遺物,neo_i2_relic
中紀 b1 遺物,neo_b1_relic
中紀 s13 遺物,neo_s13_relic
中紀 n5 遺物,neo_n5_relic
中紀 r1 遺物,neo_r1_relic
中紀 t1 遺物,neo_t1_relic
中紀 s5 遺物,neo_s5_relic
中紀 n15 遺物,neo_n15_relic
中紀 b7 遺物,neo_b7_relic
中紀 p2 遺物,neo_p2_relic
中紀 z7 遺物,neo_z7_relic
中紀 n14 遺物,neo_n14_relic
中紀 g3 遺物,neo_g3_relic
中紀 n11 遺物,neo_n11_relic
中紀 n4 遺物,neo_n4_relic
中紀 v9 遺物,neo_v9_relic
中紀 n12 遺物,neo_n12_relic
中紀 e2 遺物,neo_e2_relic
中紀 z6 遺物,neo_z6_relic
中紀 s14 遺物,neo_s14_relic
中紀 n13 遺物,neo_n13_relic
中紀 d2 遺物,neo_d2_relic
中紀 v4 遺物,neo_v4_relic
中紀 v6 遺物,neo_v6_relic
中紀 m1 遺物,neo_m1_relic
中紀 s9 遺物,neo_s9_relic
中紀 m2 遺物,neo_m2_relic
中紀 z2 遺物,neo_z2_relic
中紀 n9 遺物,neo_n9_relic
中紀 a1 遺物,neo_a1_relic
中紀 v8 遺物,neo_v8_relic
中紀 b5 遺物,neo_b5_relic
中紀 v7 遺物,neo_v7_relic
中紀 n8 遺物,neo_n8_relic
中紀 l1 遺物,neo_l1_relic
中紀 v3 遺物,neo_v3_relic
中紀 v2 遺物,neo_v2_relic
中紀 g2 遺物,neo_g2_relic
中紀 r3 遺物,neo_r3_relic
中紀 z5 遺物,neo_z5_relic
中紀 i1 遺物,neo_i1_relic
中紀 t3 遺物,neo_t3_relic
中紀 n3 遺物,neo_n3_relic
中紀 h1 遺物,neo_h1_relic
中紀 s8 遺物,neo_s8_relic
中紀 s7 遺物,neo_s7_relic
中紀 s3 遺物,neo_s3_relic
中紀 d1 遺物,neo_d1_relic
中紀 c1 遺物,neo_c1_relic
中紀 n10 遺物,neo_n10_relic
中紀 s11 遺物,neo_s11_relic
中紀 e1 遺物,neo_e1_relic
中紀 f1 遺物,neo_f1_relic
中紀 v1 遺物,neo_v1_relic
中紀 n2 遺物,neo_n2_relic
中紀 h2 遺物,neo_h2_relic
中紀 a2 遺物,neo_a2_relic
中紀 g1 遺物,neo_g1_relic
中紀 k2 遺物,neo_k2_relic
中紀 n1 遺物,neo_n1_relic
中紀 b6 遺物,neo_b6_relic
中紀 s2 遺物,neo_s2_relic
中紀 a3 遺物,neo_a3_relic
中紀 z4 遺物,neo_z4_relic
中紀 t2 遺物,neo_t2_relic
中紀 a4 遺物,neo_a4_relic
中紀 s10 遺物,neo_s10_relic
中紀 s1 遺物,neo_s1_relic
前紀 t2 遺物,meso_t2_relic
前紀 t1 遺物,meso_t1_relic
前紀 o2 遺物,meso_o2_relic
前紀 s6 遺物,meso_s6_relic
前紀 m1 遺物,meso_m1_relic
前紀 v5 遺物,meso_v5_relic
前紀 n7 遺物,meso_n7_relic
前紀 k2 遺物,meso_k2_relic
前紀 a2 遺物,meso_a2_relic
前紀 n4 遺物,meso_n4_relic
前紀 s5 遺物,meso_s5_relic
前紀 o1 遺物,meso_o1_relic
前紀 c5 遺物,meso_c5_relic
前紀 r3 遺物,meso_r3_relic
前紀 e4 遺物,meso_e4_relic
前紀 v4 遺物,meso_v4_relic
前紀 n8 遺物,meso_n8_relic
前紀 s4 遺物,meso_s4_relic
前紀 n6 遺物,meso_n6_relic
前紀 n3 遺物,meso_n3_relic
前紀 f2 遺物,meso_f2_relic
前紀 t4 遺物,meso_t4_relic
前紀 d6 遺物,meso_d6_relic
前紀 p4 遺物,meso_p4_relic
前紀 o4 遺物,meso_o4_relic
前紀 s3 遺物,meso_s3_relic
前紀 n11 遺物,meso_n11_relic
前紀 d5 遺物,meso_d5_relic
前紀 g2 遺物,meso_g2_relic
前紀 c6 遺物,meso_c6_relic
前紀 v3 遺物,meso_v3_relic
前紀 k1 遺物,meso_k1_relic
前紀 h1 遺物,meso_h1_relic
前紀 m2 遺物,meso_m2_relic
前紀 a1 遺物,meso_a1_relic
前紀 z2 遺物,meso_z2_relic
前紀 p1 遺物,meso_p1_relic
前紀 b3 遺物,meso_b3_relic
前紀 c2 遺物,meso_c2_relic
前紀 o3 遺物,meso_o3_relic
前紀 s7 遺物,meso_s7_relic
前紀 b2 遺物,meso_b2_relic
前紀 z1 遺物,meso_z1_relic
前紀 d2 遺物,meso_d2_relic
前紀 f1 遺物,meso_f1_relic
前紀 s2 遺物,meso_s2_relic
前紀 l1 遺物,meso_l1_relic
前紀 c4 遺物,meso_c4_relic
前紀 r2 遺物,meso_r2_relic
前紀 n9 遺物,meso_n9_relic
前紀 b4 遺物,meso_b4_relic
前紀 i1 遺物,meso_i1_relic
前紀 k3 遺物,meso_k3_relic
前紀 n10 遺物,meso_n10_relic
前紀 p3 遺物,meso_p3_relic
前紀 p2 遺物,meso_p2_relic
前紀 s1 遺物,meso_s1_relic
前紀 g1 遺物,meso_g1_relic
前紀 c3 遺物,meso_c3_relic
前紀 n5 遺物,meso_n5_relic
前紀 v1 遺物,meso_v1_relic
前紀 b1 遺物,meso_b1_relic
前紀 e2 遺物,meso_e2_relic
前紀 z3 遺物,meso_z3_relic
前紀 m3 遺物,meso_m3_relic
前紀 f3 遺物,meso_f3_relic
前紀 e1 遺物,meso_e1_relic
前紀 n2 遺物,meso_n2_relic
前紀 v2 遺物,meso_v2_relic
前紀 r1 遺物,meso_r1_relic
前紀 d3 遺物,meso_d3_relic
前紀 t3 遺物,meso_t3_relic
前紀 s8 遺物,meso_s8_relic
前紀 c1 遺物,meso_c1_relic
前紀 e5 遺物,meso_e5_relic
前紀 n1 遺物,meso_n1_relic
前紀 e3 遺物,meso_e3_relic
前紀 d4 遺物,meso_d4_relic
前紀 w1 遺物,meso_w1_relic
前紀 v6 遺物,meso_v6_relic
前紀 s9 遺物,meso_s9_relic
前紀 d1 遺物,meso_d1_relic
古紀 h2 遺物,lith_h2_relic
古紀 z1 遺物,lith_z1_relic
古紀 b1 遺物,lith_b1_relic
古紀 a2 遺物,lith_a2_relic
古紀 l1 遺物,lith_l1_relic
古紀 w1 遺物,lith_w1_relic
古紀 v4 遺物,lith_v4_relic
古紀 s6 遺物,lith_s6_relic
古紀 n3 遺物,lith_n3_relic
古紀 n4 遺物,lith_n4_relic
古紀 m5 遺物,lith_m5_relic
古紀 c6 遺物,lith_c6_relic
古紀 c5 遺物,lith_c5_relic
古紀 v6 遺物,lith_v6_relic
古紀 v3 遺物,lith_v3_relic
古紀 b4 遺物,lith_b4_relic
古紀 n2 遺物,lith_n2_relic
古紀 g1 遺物,lith_g1_relic
古紀 i1 遺物,lith_i1_relic
古紀 t5 遺物,lith_t5_relic
古紀 g3 遺物,lith_g3_relic
古紀 b8 遺物,lith_b8_relic
古紀 d4 遺物,lith_d4_relic
古紀 t3 遺物,lith_t3_relic
古紀 s9 遺物,lith_s9_relic
古紀 s5 遺物,lith_s5_relic
古紀 c7 遺物,lith_c7_relic
古紀 k4 遺物,lith_k4_relic
古紀 t4 遺物,lith_t4_relic
古紀 n6 遺物,lith_n6_relic
古紀 b7 遺物,lith_b7_relic
古紀 p5 遺物,lith_p5_relic
古紀 d3 遺物,lith_d3_relic
古紀 n5 遺物,lith_n5_relic
古紀 p4 遺物,lith_p4_relic
古紀 s4 遺物,lith_s4_relic
古紀 s7 遺物,lith_s7_relic
古紀 c2 遺物,lith_c2_relic
古紀 k2 遺物,lith_k2_relic
古紀 b6 遺物,lith_b6_relic
古紀 m3 遺物,lith_m3_relic
古紀 c4 遺物,lith_c4_relic
古紀 m2 遺物,lith_m2_relic
古紀 v2 遺物,lith_v2_relic
古紀 o2 遺物,lith_o2_relic
古紀 p1 遺物,lith_p1_relic
古紀 t2 遺物,lith_t2_relic
古紀 v5 遺物,lith_v5_relic
古紀 b3 遺物,lith_b3_relic
古紀 n1 遺物,lith_n1_relic
古紀 k1 遺物,lith_k1_relic
古紀 c1 遺物,lith_c1_relic
古紀 w2 遺物,lith_w2_relic
古紀 s10 遺物,lith_s10_relic
古紀 p3 遺物,lith_p3_relic
古紀 d2 遺物,lith_d2_relic
古紀 m6 遺物,lith_m6_relic
古紀 s3 遺物,lith_s3_relic
古紀 h1 遺物,lith_h1_relic
古紀 b2 遺物,lith_b2_relic
古紀 t1 遺物,lith_t1_relic
古紀 a1 遺物,lith_a1_relic
古紀 m1 遺物,lith_m1_relic
古紀 p2 遺物,lith_p2_relic
古紀 a3 遺物,lith_a3_relic
古紀 m4 遺物,lith_m4_relic
古紀 g2 遺物,lith_g2_relic
古紀 f2 遺物,lith_f2_relic
古紀 v1 遺物,lith_v1_relic
古紀 b5 遺物,lith_b5_relic
古紀 c3 遺物,lith_c3_relic
古紀 z2 遺物,lith_z2_relic
古紀 o1 遺物,lith_o1_relic
古紀 f1 遺物,lith_f1_relic
古紀 m7 遺物,lith_m7_relic
古紀 k5 遺物,lith_k5_relic
古紀 s2 遺物,lith_s2_relic
古紀 k3 遺物,lith_k3_relic
古紀 d1 遺物,lith_d1_relic
古紀 l2 遺物,lith_l2_relic
古紀 s8 遺物,lith_s8_relic
古紀 v8 遺物,lith_v8_relic
古紀 v7 遺物,lith_v7_relic
古紀 s1 遺物,lith_s1_relic
液肺魩,aquapulmo
奧鯷鰵,ostimyr
琉璃鯻,vitreospina
清道鯰,cryptosuctus
巴魮魠,barbisteo
奇美鮥,kymaeros
氨膜鯉,amniophysi
臟葉鰼,lobotriscid
鞭棘鱇,flagellocanth
古鰧魶,glutinox
泌溢鯤,myxostomata
杜羅鯣,duroid
軟骨鰱,chondricord
查克鰻,charc_eel
古泊拉,goopolla
陰暗鰩,murkray
鯊客,sharrac
卡其那,karkina
喉魚,mawfish
庫特-庫特,khut_khut
約格溫,yogwun
塔洛,tralok
摩圖斯肺魚,mortus_lungfish
蓋拉佩德,glappid
諾格,norg
克蘇爾,cuthol
污泥繞環者,mirewinder
液集盒,sapcaddy
眼—眼,eye_eye
迴聲繞環者,echowinder
磚瓦匠,brickie
磷蝦殺手,kriller
海龍,synathid
輪藻微粒,charamote
多目鰻,tromyzon
洗滌者,scrubber
修補機,tink
續播機,recaster
長型環繞者,longwinder
出血,hemorrhage
奧寧自修,auto_omni
祈奉強襲,votive_onslaught
隔斷,cordon
內部出血,internal_bleeding
強盾火力,fortifying_fire
鸚鵡螺頭部,nautilus_cerebrum
鸚鵡螺 藍圖,nautilus_blueprint
防禦射擊,protective_shots
赤紅賦格,crimson_fugue
天譴彈頭,scourging_warheads
蛆蟲的苦難,worms_torment
抵禦火力,defensive_fire
奧剛調諧戰陣,orgone_tuning_matrix
堅毅戰陣,indomitable_matrix
鸚鵡螺 一套,nautilus_set
鐵鎧戰陣,ironclad_matrix
granum 的天敵,granums_nemesis
突擊戰陣,onslaught_matrix
波段阻斷,waveband_disruptor
鸚鵡螺外殼,nautilus_carapace
奇襲戰陣,raider_matrix
鳳凰烈炎,phoenix_blaze
鸚鵡螺系統,nautilus_systems
嫣紅潘塔 槍機,carmine_penta_receiver
嫣紅潘塔 槍托,carmine_penta_stock
嫣紅潘塔 槍管,carmine_penta_barrel
嫣紅 潘塔 藍圖,carmine_penta_blueprint
嫣紅 潘塔 一套,carmine_penta_set
厄索戴 藍圖,athodai_blueprint
厄索戴 槍管,athodai_barrel
厄索戴 槍機,athodai_receiver
厄索戴 一套,athodai_set
哈利卡 亡魂,halikar_wraith
墓悼者 槍機,epitaph_receiver
墓悼者 一套,epitaph_set
墓悼者 槍管,epitaph_barrel
墓悼者 藍圖,epitaph_blueprint
火衛二深邃場景,deimos_depths_scene
火衛二魔心場景,deimos_heart_scene
火衛二天然井場景,deimos_cenote_scene
火衛二隱窖場景,deimos_crypt_scene
infested 船艦全像場景,infested_ship_hologram_scene
冷寒徹骨場景,the_cold_below_scene
火衛二遺棄場景,deimos_forsaken_scene
火衛二薄膜場景,deimos_membrane_scene
火衛二邊際場景,deimos_verge_scene
後紀 g5 遺物,axi_g5_relic
中紀 k3 遺物,neo_k3_relic
中紀 z8 遺物,neo_z8_relic
前紀 r4 遺物,meso_r4_relic
古紀 c8 遺物,lith_c8_relic
古紀 t6 遺物,lith_t6_relic
土星六號場景,saturn_six_scene
前紀 p5 遺物,meso_p5_relic
古紀 k6 遺物,lith_k6_relic
後紀 g6 遺物,axi_g6_relic
創傷 prime 握柄,volnus_prime_handle
創傷 prime 鎚頭,volnus_prime_head
中紀 t4 遺物,neo_t4_relic
前紀 t5 遺物,meso_t5_relic
前紀 z4 遺物,meso_z4_relic
中紀 v10 遺物,neo_v10_relic
gara prime 藍圖,gara_prime_blueprint
創傷 prime 一套,volnus_prime_set
gara prime 一套,gara_prime_set
gara prime 頭部神經光元 藍圖,gara_prime_neuroptics_blueprint
gara prime 系統 藍圖,gara_prime_systems_blueprint
碎裂者 prime 藍圖,astilla_prime_blueprint
後紀 n7 遺物,axi_n7_relic
碎裂者 prime 槍機,astilla_prime_receiver
碎裂者 prime 槍管,astilla_prime_barrel
碎裂者 prime 一套,astilla_prime_set
古紀 a4 遺物,lith_a4_relic
後紀 i1 遺物,axi_i1_relic
碎裂者 prime 槍托,astilla_prime_stock
創傷 prime 藍圖,volnus_prime_blueprint
中紀 a5 遺物,neo_a5_relic
gara prime 機體 藍圖,gara_prime_chassis_blueprint
古紀 g4 遺物,lith_g4_relic
修復補給機,repair_dispensary
戰術上膛 prime,primed_tactical_pump
空爆彈頭,airburst_rounds
中紀 d3 遺物,neo_d3_relic
融合儲能池,fused_reservoir
豐饌滋養,hearty_nourishment
後紀 t7 遺物,axi_t7_relic
棱晶 馬謝特,prisma_machete
奧堤克光子槍 破壞者,opticor_vandal
激昂煉獄,galvanized_hell
惡意荼害,malicious_code
刻菈腳架 藍圖,cela_bracket_blueprint
閃避否決,evasive_denial
激昂擴散,galvanized_diffusion
瞬斬,swift_mercy
婉慈穩椎 藍圖,wanz_stabilizer_blueprint
激昂才能,galvanized_aptitude
諸柏腳架 藍圖,zubb_bracket_blueprint
赫克犬首 藍圖,hec_hound_blueprint
激昂瞄具,galvanized_scope
激昂加速,galvanized_acceleration
汲能釋放,power_drain
作用抵減,counterbalance
興達穩椎,hinta_stabilizer
索回審核,repo_audit
激昂準心,galvanized_crosshairs
迦姆核心 藍圖,garmr_core_blueprint
聚焦展望,focused_prospectus
朵瑪犬首 藍圖,dorma_hound_blueprint
硬體重置,hard_reset
陪臚犬首 藍圖,bhaira_hound_blueprint
激昂射擊,galvanized_shot
反射否決,reflex_denial
艾蕾核心 藍圖,adlet_core_blueprint
制空展望,aerial_prospectus
協力展望,synergized_prospectus
伐嚇穩椎 藍圖,frak_stabilizer_blueprint
萊優核心 藍圖,raiju_core_blueprint
防火牆,firewall
激昂通曉,galvanized_savvy
烏迦腳架 藍圖,urga_bracket_blueprint
抵消審核,null_audit
oull,oull
多重否決,diversified_denial
均衡審核,equilibrium_audit
激昂膛室,galvanized_chamber
新世間戰鬥表情動作,new_loka_combat_emote
中樞蘇達操縱表情動作,cephalon_suda_piloting_emote
血色面紗胸甲,red_veil_chest_piece
佩蘭操縱表情動作,perrin_piloting_emote
蘇達胸甲,suda_chest_piece
仲裁者操縱表情動作,arbiters_piloting_emote
血色面紗護膝,red_veil_knee_guards
次要無情,secondary_merciless
主要無情,primary_merciless
防線胸甲,meridian_chest_plate
meridian armor set,meridian_armor_set
防線臂部馬刺,meridian_arm_spurs
中樞蘇達重砲表情動作,cephalon_suda_gunnery_emote
索拉里斯腿部馬刺,solaris_leg_spurs
世間膝部馬刺,lokan_knee_spurs
仲裁者戰鬥表情動作,arbiters_combat_emote
鋼鐵防線戰鬥表情動作,steel_meridian_combat_emote
鋼鐵防線操縱表情動作,steel_meridian_piloting_emote
次要嫻熟,secondary_dexterity
世間臂甲,lokan_arm_plates
蘇達腿部馬刺,suda_leg_spurs
鋼鐵防線生存表情動作,steel_meridian_endurance_emote
perrin armor set,perrin_armor_set
ostron 護胸,ostron_chest_guard
中樞蘇達生存表情動作,cephalon_suda_endurance_emote
佩蘭護腿,perrin_leg_guards
均衡胸甲,hexis_chest_plate
蘇達臂部馬刺,suda_arm_spurs
suda armor set,suda_armor_set
佩蘭胸甲,perrin_chest_piece
佩蘭生存表情動作,perrin_endurance_emote
均衡臂甲,hexis_arm_plates
索拉里斯胸印,solaris_chest_marker
solaris armor set,solaris_armor_set
血色面紗工程表情動作,red_veil_engineering_emote
新世間工程表情動作,new_loka_engineering_emote
血色面紗臂章,red_veil_arm_insignia
lokan armor set,lokan_armor_set
新世間操縱表情動作,new_loka_piloting_emote
索拉里斯護臂,solaris_arm_guards
仲裁者工程表情動作,arbiters_engineering_emote
ostron armor set,ostron_armor_set
佩蘭護臂,perrin_arm_guards
世間胸甲,lokan_chest_piece
均衡馬刺,hexis_spurs
中樞蘇達工程表情動作,cephalon_suda_engineering_emote
hexis armor set,hexis_armor_set
仲裁者重砲表情動作,arbiters_gunnery_emote
新世間生存表情動作,new_loka_endurance_emote
仲裁者生存表情動作,arbiters_endurance_emote
次要摘首,secondary_deadhead
鋼鐵防線重砲表情動作,steel_meridian_gunnery_emote
ostron 護腿,ostron_leg_guards
防線腿部馬刺,meridian_leg_spurs
ostron 護臂,ostron_arm_guards
中樞蘇達戰鬥表情動作,cephalon_suda_combat_emote
血色面紗操縱表情動作,red_veil_piloting_emote
主要摘首,primary_deadhead
red veil armor set,red_veil_armor_set
主要嫻熟,primary_dexterity
大使 槍管,ambassador_barrel
大使 一套,ambassador_set
大使 槍機,ambassador_receiver
大使 槍托,ambassador_stock
大使 藍圖,ambassador_blueprint
nidus prime 藍圖,nidus_prime_blueprint
前紀 b5 遺物,meso_b5_relic
中紀 n17 遺物,neo_n17_relic
斯特朗 prime 一套,strun_prime_set
前紀 s10 遺物,meso_s10_relic
古紀 k7 遺物,lith_k7_relic
古紀 n8 遺物,lith_n8_relic
中紀 p3 遺物,neo_p3_relic
麥格努斯 prime 一套,magnus_prime_set
彈匣增幅 prime,primed_magazine_warp
後紀 m2 遺物,axi_m2_relic
nidus prime 一套,nidus_prime_set
斯特朗 prime 藍圖,strun_prime_blueprint
後紀 i2 遺物,axi_i2_relic
屠夫縱宴,butchers_revelry
麥格努斯 prime 藍圖,magnus_prime_blueprint
古紀 n7 遺物,lith_n7_relic
斯特朗 prime 槍機,strun_prime_receiver
前紀 b6 遺物,meso_b6_relic
中紀 t5 遺物,neo_t5_relic
斯特朗 prime 槍管,strun_prime_barrel
nidus prime 系統 藍圖,nidus_prime_systems_blueprint
斯特朗 prime 槍托,strun_prime_stock
古紀 t7 遺物,lith_t7_relic
後紀 a14 遺物,axi_a14_relic
nidus prime 頭部神經光元 藍圖,nidus_prime_neuroptics_blueprint
nidus prime 機體 藍圖,nidus_prime_chassis_blueprint
麥格努斯 prime 槍機,magnus_prime_receiver
麥格努斯 prime 槍管,magnus_prime_barrel
中紀 n16 遺物,neo_n16_relic
屍鬼輪鋸刃片,ghoulsaw_blade_blueprint
屍鬼輪鋸握把,ghoulsaw_grip_blueprint
屍鬼輪鋸引擎,ghoulsaw_engine_blueprint
屍鬼輪鋸 一套,ghoulsaw_set
屍鬼輪鋸機體,ghoulsaw_chassis_blueprint
屍鬼輪鋸 藍圖,ghoulsaw_blueprint
霰彈擴充 prime,primed_ammo_stock
瓦瑟火槍,vastilok
吸血支配,vampiric_grasp
冠軍祝福,champions_blessing
古紀 l3 遺物,lith_l3_relic
迅捷噬咬,swift_bite
前紀 b7 遺物,meso_b7_relic
前紀 p6 遺物,meso_p6_relic
中紀 a6 遺物,neo_a6_relic
中紀 h3 遺物,neo_h3_relic
古紀 r1 遺物,lith_r1_relic
無情迷蹤,the_relentless_lost
古紀 k8 遺物,lith_k8_relic
中紀 d4 遺物,neo_d4_relic
後紀 d3 遺物,axi_d3_relic
後紀 m3 遺物,axi_m3_relic
古紀 n9 遺物,lith_n9_relic
後紀 p4 遺物,axi_p4_relic
喪鐘 prime 一套,knell_prime_set
玻瑞爾之鄙,boreals_contempt
妮菈的痛苦,niras_anguish
前紀 a3 遺物,meso_a3_relic
後紀 s9 遺物,axi_s9_relic
亞瑪爾之鄙,amars_contempt
禍根 prime 刀刃,scourge_prime_blade
古紀 t8 遺物,lith_t8_relic
harrow prime 藍圖,harrow_prime_blueprint
harrow prime 一套,harrow_prime_set
前紀 g3 遺物,meso_g3_relic
前紀 i2 遺物,meso_i2_relic
亞瑪爾的痛苦,amars_anguish
妮菈的憎恨,niras_hatred
喪鐘 prime 槍管,knell_prime_barrel
後紀 t8 遺物,axi_t8_relic
古紀 h3 遺物,lith_h3_relic
後紀 c7 遺物,axi_c7_relic
harrow prime 頭部神經光元 藍圖,harrow_prime_neuroptics_blueprint
禍根 prime 槍管,scourge_prime_barrel
喪鐘 prime 藍圖,knell_prime_blueprint
玻瑞爾的憎恨,boreals_hatred
古紀 s11 遺物,lith_s11_relic
中紀 k4 遺物,neo_k4_relic
中紀 n18 遺物,neo_n18_relic
亞瑪爾的憎恨,amars_hatred
古紀 t9 遺物,lith_t9_relic
玻瑞爾的痛苦,boreals_anguish
harrow prime 機體 藍圖,harrow_prime_chassis_blueprint
禍根 prime 一套,scourge_prime_set
妮菈之鄙,niras_contempt
後紀 k6 遺物,axi_k6_relic
harrow prime 系統 藍圖,harrow_prime_systems_blueprint
古紀 c9 遺物,lith_c9_relic
禍根 prime 握柄,scourge_prime_handle
喪鐘 prime 槍機,knell_prime_receiver
禍根 prime 藍圖,scourge_prime_blueprint
前紀 s11 遺物,meso_s11_relic
熱能傳遞,thermal_transfer
中紀 p4 遺物,neo_p4_relic
饕客,gourmand
普拉咖薩覲見室場景,praghasa_throne_room_scene
洶湧鋸片,surging_blades
削骨寒霜,biting_frost
古紀 n10 遺物,lith_n10_relic
狙擊槍彈藥轉換 prime,primed_sniper_ammo_mutation
garuda prime 機體 藍圖,garuda_prime_chassis_blueprint
黑鴉 prime 一套,corvas_prime_set
古紀 n11 遺物,lith_n11_relic
噬蛇弩 prime 一套,nagantaka_prime_set
後紀 k7 遺物,axi_k7_relic
古紀 s12 遺物,lith_s12_relic
黑鴉 prime 槍管,corvas_prime_barrel
黑鴉 prime 藍圖,corvas_prime_blueprint
噬蛇弩 prime 槍機,nagantaka_prime_receiver
噬蛇弩 prime 藍圖,nagantaka_prime_blueprint
古紀 h4 遺物,lith_h4_relic
黑鴉 prime 槍托,corvas_prime_stock
噬蛇弩 prime 槍托,nagantaka_prime_stock
garuda prime 系統 藍圖,garuda_prime_systems_blueprint
前紀 g4 遺物,meso_g4_relic
後紀 s11 遺物,axi_s11_relic
古紀 z3 遺物,lith_z3_relic
黑鴉 prime 槍機,corvas_prime_receiver
後紀 s10 遺物,axi_s10_relic
古紀 g5 遺物,lith_g5_relic
前紀 p7 遺物,meso_p7_relic
古紀 n12 遺物,lith_n12_relic
噬蛇弩 prime 槍管,nagantaka_prime_barrel
garuda prime 一套,garuda_prime_set
中紀 n20 遺物,neo_n20_relic
garuda prime 頭部神經光元 藍圖,garuda_prime_neuroptics_blueprint
前紀 n12 遺物,meso_n12_relic
後紀 g7 遺物,axi_g7_relic
中紀 c2 遺物,neo_c2_relic
中紀 m4 遺物,neo_m4_relic
garuda prime 藍圖,garuda_prime_blueprint
扎日曼蛹巖場景,zariman_chrysalith_scene
扎日曼聖物驅動場景,zariman_reliquary_drive_scene
扎日曼月動球場場景,zariman_lunaro_court_scene
蛻現消散,emergence_dissipate
蛻變活力,molt_vigor
狂風破曉,galeforce_dawn
扎日曼貨艙場景,zariman_cargo_bay_scene
扎日曼校園場景,zariman_schoolyard_scene
扎日曼天使歇息處場景,zariman_angel_roost_scene
扎日曼寧靜之層場景,zariman_serenity_levels_scene
蛻現恢復,emergence_renewed
扎日曼寢區場景,zariman_dormizone_scene
永恆滅絕,eternal_eradicate
扎日曼律法院場景,zariman_hall_of_legems_scene
扎日曼監獄場景,zariman_brig_scene
扎日曼阿爾布雷希特公園場景,zariman_albrecht_park_scene
蛻變效率,molt_efficiency
蛻現救星,emergence_savior
扎日曼水栽場景,zariman_agri_zone_scene
扎日曼停靠港灣場景,zariman_docking_bay_scene
連貫溢能,cascadia_overcharge
距離優勢,range_advantage
戰鬥裝填,combat_reload
扎日曼居住區場景,zariman_habitation_zone_scene
扎日曼圓形劇場場景,zariman_amphitheatre_scene
樂銃 藍圖,laetum_blueprint
馭風 槍機 藍圖,aeolak_receiver_blueprint
夕憶 握柄 藍圖,hespar_handle_blueprint
剝奪 藍圖,praedos_blueprint
馭風 槍管 藍圖,aeolak_barrel_blueprint
馭風 一套,aeolak_set
夕憶 一套,hespar_set
夕憶 刀刃 藍圖,hespar_blade_blueprint
馭風 槍托 藍圖,aeolak_stock_blueprint
梵魔 藍圖,phenmor_blueprint
永恆猛攻,eternal_onslaught
三伏天夜晚場景,dog_days_night_scene
影絡 藍圖,innodem_blueprint
斐獵 藍圖,felarx_blueprint
蛻變重構,molt_reconstruct
蛻變賜力,molt_augmented
parallax 一套,parallax_set
永恆後勤,eternal_logistics
parallax 飛航系統 藍圖,parallax_avionics_blueprint
parallax 引擎 藍圖,parallax_engines_blueprint
parallax 機身 藍圖,parallax_fuselage_blueprint
連貫賦力,cascadia_empowered
棱晶 陰影 一套,prisma_shade_set
碎形重置,fractalized_reset
連貫閃焰,cascadia_flare
棱晶 雷射點發,prisma_burst_laser
連貫精準,cascadia_accuracy
月牙擬狐獸 基因印記,crescent_vulpaphyla_imprint
狡猾擬狐獸 基因印記,sly_vulpaphyla_imprint
維安孤生獸 基因印記,medjay_predasite_imprint
臣官孤生獸 基因印記,vizier_predasite_imprint
猛甲擬狐獸 基因印記,panzer_vulpaphyla_imprint
法老孤生獸 基因印記,pharaoh_predasite_imprint
豪豬 prime 藍圖,hystrix_prime_blueprint
後紀 k10 遺物,axi_k10_relic
後紀 n8 遺物,axi_n8_relic
前紀 o5 遺物,meso_o5_relic
前紀 p8 遺物,meso_p8_relic
中紀 n21 遺物,neo_n21_relic
khora prime 機體 藍圖,khora_prime_chassis_blueprint
凱瑞斯雙刀 prime 一套,dual_keres_prime_set
後紀 k9 遺物,axi_k9_relic
豪豬 prime 一套,hystrix_prime_set
後紀 g8 遺物,axi_g8_relic
前紀 h3 遺物,meso_h3_relic
凱瑞斯雙刀 prime 握柄,dual_keres_prime_handle
khora prime 一套,khora_prime_set
khora prime 藍圖,khora_prime_blueprint
中紀 g4 遺物,neo_g4_relic
豪豬 prime 槍機,hystrix_prime_receiver
中紀 d5 遺物,neo_d5_relic
古紀 k9 遺物,lith_k9_relic
後紀 k8 遺物,axi_k8_relic
邪惡爆發,vile_discharge
前紀 h2 遺物,meso_h2_relic
豪豬 prime 槍管,hystrix_prime_barrel
前紀 v7 遺物,meso_v7_relic
khora prime 頭部神經光元 藍圖,khora_prime_neuroptics_blueprint
凱瑞斯雙刀 prime 藍圖,dual_keres_prime_blueprint
中紀 s15 遺物,neo_s15_relic
後紀 s12 遺物,axi_s12_relic
關鍵精準,critical_precision
khora prime 系統 藍圖,khora_prime_systems_blueprint
凱瑞斯雙刀 prime 刀刃,dual_keres_prime_blade
怪奇觀眾,peculiar_audience
執政官 聚精會神,archon_intensify
古紀 n13 遺物,lith_n13_relic
中紀 z9 遺物,neo_z9_relic
執政官 持久力,archon_continuity
前紀 w2 遺物,meso_w2_relic
中紀 e3 遺物,neo_e3_relic
執政官 川流不息,archon_flow
執政官 生命力,archon_vitality
後紀 t9 遺物,axi_t9_relic
執政官 延伸,archon_stretch
古紀 s13 遺物,lith_s13_relic
古紀 h6 遺物,lith_h6_relic
龍辰 prime 刀刃,tatsu_prime_blade
中紀 t6 遺物,neo_t6_relic
前紀 p10 遺物,meso_p10_relic
revenant prime 機體 藍圖,revenant_prime_chassis_blueprint
revenant prime 系統 藍圖,revenant_prime_systems_blueprint
龍辰 prime 一套,tatsu_prime_set
龍辰 prime 藍圖,tatsu_prime_blueprint
前紀 n13 遺物,meso_n13_relic
revenant prime 一套,revenant_prime_set
幻離子 prime 槍管,phantasma_prime_barrel
古紀 p6 遺物,lith_p6_relic
revenant prime 頭部神經光元 藍圖,revenant_prime_neuroptics_blueprint
龍辰 prime 握柄,tatsu_prime_handle
前紀 k4 遺物,meso_k4_relic
幻離子 prime 藍圖,phantasma_prime_blueprint
幻離子 prime 一套,phantasma_prime_set
古紀 h5 遺物,lith_h5_relic
後紀 t10 遺物,axi_t10_relic
幻離子 prime 槍機,phantasma_prime_receiver
後紀 n9 遺物,axi_n9_relic
古紀 r2 遺物,lith_r2_relic
revenant prime 藍圖,revenant_prime_blueprint
前紀 p9 遺物,meso_p9_relic
古紀 s14 遺物,lith_s14_relic
幻離子 prime 槍托,phantasma_prime_stock
古紀 b9 遺物,lith_b9_relic
後紀 a15 遺物,axi_a15_relic
後紀 s13 遺物,axi_s13_relic
中紀 s16 遺物,neo_s16_relic
中紀 i3 遺物,neo_i3_relic
前紀 o6 遺物,meso_o6_relic
展月,vericres
合相電壓,conjunction_voltage
主要凍傷,primary_frostbite
崛起賦能,arcane_rise
肆飆 一套,perigale_set
破冪森林場景,veilbreak_forest_scene
肆飆 槍托,perigale_stock
闇牙 刀刃,sarofang_blade
破冪工廠場景,veilbreak_factory_scene
月球圓承宮場景,lua_circulus_scene
庇祐賦能,arcane_blessing
闇牙 握柄,sarofang_handle
闇牙 一套,sarofang_set
破冪骨螺母艦場景,veilbreak_murex_scene
肆飆 槍管,perigale_barrel
肆飆 槍機,perigale_receiver
古紀 g6 遺物,lith_g6_relic
後紀 s14 遺物,axi_s14_relic
前紀 t6 遺物,meso_t6_relic
中紀 c3 遺物,neo_c3_relic
baruuk prime 機體 藍圖,baruuk_prime_chassis_blueprint
前紀 a4 遺物,meso_a4_relic
後紀 n10 遺物,axi_n10_relic
後紀 b5 遺物,axi_b5_relic
中紀 a8 遺物,neo_a8_relic
前紀 v8 遺物,meso_v8_relic
baruuk prime 藍圖,baruuk_prime_blueprint
中紀 k5 遺物,neo_k5_relic
前紀 k5 遺物,meso_k5_relic
古紀 v9 遺物,lith_v9_relic
古紀 b10 遺物,lith_b10_relic
中紀 a7 遺物,neo_a7_relic
後紀 g9 遺物,axi_g9_relic
baruuk prime 系統 藍圖,baruuk_prime_systems_blueprint
中紀 d6 遺物,neo_d6_relic
後紀 f1 遺物,axi_f1_relic
baruuk prime 頭部神經光元 藍圖,baruuk_prime_neuroptics_blueprint
前紀 r5 遺物,meso_r5_relic
古紀 a5 遺物,lith_a5_relic
baruuk prime 一套,baruuk_prime_set
古紀 h7 遺物,lith_h7_relic
眼鏡蛇 & 鶴 prime 護手,cobra_and_crane_prime_guard
盜賊雙槍 prime 槍管,afuris_prime_barrel
盜賊雙槍 prime 一套,afuris_prime_set
盜賊雙槍 prime 連接器,afuris_prime_link
眼鏡蛇 & 鶴 prime 藍圖,cobra_and_crane_prime_blueprint
盜賊雙槍 prime 藍圖,afuris_prime_blueprint
眼鏡蛇 & 鶴 prime 刀刃,cobra_and_crane_prime_blade
眼鏡蛇 & 鶴 prime 握柄,cobra_and_crane_prime_hilt
眼鏡蛇 & 鶴 prime 一套,cobra_and_crane_prime_set
盜賊雙槍 prime 槍機,afuris_prime_receiver
輝伐 槍機,corufell_receiver
主要鍍彈,primary_plated_round
琉璃風暴,shattered_storm
陰極電流,cathode_current
堅決賦能,arcane_steadfast
古紀 d5 遺物,lith_d5_relic
奇葩 槍管,steflos_barrel
奇葩 槍托,steflos_stock
奇葩 一套,steflos_set
輝伐 一套,corufell_set
輝伐 握柄,corufell_handle
古紀 p7 遺物,lith_p7_relic
頑抗賦能,arcane_double_back
次要親情,secondary_kinship
奇葩 槍機,steflos_receiver
美浪護衛,merulina_guardian
催眠護罩,mesmer_shield
中紀 r5 遺物,neo_r5_relic
次要阻礙,secondary_encumber
中紀 a9 遺物,neo_a9_relic
前紀 l2 遺物,meso_l2_relic
後紀 m4 遺物,axi_m4_relic
《citrine 的遺願》工廠場景,citrines_last_wish_factory_scene
輝伐 槍管,corufell_barrel
hildryn prime 藍圖,hildryn_prime_blueprint
hildryn prime 系統 藍圖,hildryn_prime_systems_blueprint
陰影 prime 藍圖,shade_prime_blueprint
hildryn prime 一套,hildryn_prime_set
陰影 prime 系統,shade_prime_systems
翠雀 prime 一套,larkspur_prime_set
hildryn prime 頭部神經光元 藍圖,hildryn_prime_neuroptics_blueprint
翠雀 prime 槍管,larkspur_prime_barrel
陰影 prime 頭部,shade_prime_cerebrum
陰影 prime 一套,shade_prime_set
翠雀 prime 槍托,larkspur_prime_stock
hildryn prime 機體 藍圖,hildryn_prime_chassis_blueprint
翠雀 prime 槍機,larkspur_prime_receiver
陰影 prime 外殼,shade_prime_carapace
翠雀 prime 藍圖,larkspur_prime_blueprint
古紀 s15 遺物,lith_s15_relic
前紀 n14 遺物,meso_n14_relic
古紀 r3 遺物,lith_r3_relic
前紀 d7 遺物,meso_d7_relic
後紀 h6 遺物,axi_h6_relic
古紀 b11 遺物,lith_b11_relic
前紀 s12 遺物,meso_s12_relic
古紀 h8 遺物,lith_h8_relic
前紀 h4 遺物,meso_h4_relic
後紀 g10 遺物,axi_g10_relic
後紀 a16 遺物,axi_a16_relic
中紀 s17 遺物,neo_s17_relic
中紀 n22 遺物,neo_n22_relic
後紀 b6 遺物,axi_b6_relic
後紀 k11 遺物,axi_k11_relic
古紀 k10 遺物,lith_k10_relic
中紀 l2 遺物,neo_l2_relic
前紀 p11 遺物,meso_p11_relic
主要阻擾,primary_obstruct
意圖賦能,arcane_intention
次要寒顫,secondary_shiver
古紀 v10 遺物,lith_v10_relic
前紀 p12 遺物,meso_p12_relic
長弓銳箭,longbow_sharpshot
冥市地區場景,netherbarrow_region_scene
霰彈槍仇殺,shotgun_vendetta
地窟歌劇院場景,undercroft_opera_scene
中紀 a10 遺物,neo_a10_relic
後紀 k12 遺物,axi_k12_relic
後紀 i3 遺物,axi_i3_relic
魔導侵襲,magus_aggress
前紀 c7 遺物,meso_c7_relic
地窟公園場景,undercroft_park_scene
城堡鎮場景,castle_town_scene
大陸村子場景,mainland_hamlets_scene
收割者賦能,arcane_reaper
天市場景,upperhaven_scene
大山之鋒,mountains_edge
奧金蛟龍競技場場景,orowyrm_arena_scene
主要昂揚,primary_exhilarate
如意上弓臂 藍圖,cinta_upper_limb_blueprint
如意握把 藍圖,cinta_grip_blueprint
如意弓弦 藍圖,cinta_string_blueprint
如意 一套,cinta_set
如意下弓臂 藍圖,cinta_lower_limb_blueprint
圓形劇場場景,amphitheater_scene
魶鰢,namaes
海鮄,haav
熙然,xiran
teshin 的洞窟場景,teshins_cave_scene
鱻,seonn
檔案苑場景,archarbor_scene
宇宙龜,inaak
棱晶 冷次弓,prisma_lenz
sentient 洶湧,sentient_surge
sentient 彈幕,sentient_barrage
動力高漲賦能,arcane_power_ramp
主要枯萎,primary_blight
次要狂暴,secondary_outburst
雙槍滑溜射擊,akimbo_slip_shot
牢銕 槍管,rauta_barrel
牢銕 一套,rauta_set
牢銕 槍機,rauta_receiver
牢銕 槍托,rauta_stock
中紀 l3 遺物,neo_l3_relic
前紀 c8 遺物,meso_c8_relic
wisp prime 機體 藍圖,wisp_prime_chassis_blueprint
軍扇 prime 藍圖,gunsen_prime_blueprint
軍扇 prime 一套,gunsen_prime_set
雷霆 prime 藍圖,fulmin_prime_blueprint
軍扇 prime 握柄,gunsen_prime_handle
雷霆 prime 槍管,fulmin_prime_barrel
中紀 c4 遺物,neo_c4_relic
中紀 d7 遺物,neo_d7_relic
wisp prime 一套,wisp_prime_set
雷霆 prime 一套,fulmin_prime_set
雷霆 prime 槍托,fulmin_prime_stock
wisp prime 頭部神經光元 藍圖,wisp_prime_neuroptics_blueprint
中紀 f2 遺物,neo_f2_relic
中紀 n23 遺物,neo_n23_relic
古紀 h9 遺物,lith_h9_relic
前紀 g5 遺物,meso_g5_relic
無畏死戰,intrepid_stand
後紀 w3 遺物,axi_w3_relic
軍扇 prime 刀刃,gunsen_prime_blade
ulfrun 的毅力,ulfruns_endurance
古紀 w3 遺物,lith_w3_relic
前紀 p13 遺物,meso_p13_relic
時空侵蝕,temporal_erosion
wisp prime 系統 藍圖,wisp_prime_systems_blueprint
影霧,shadow_haze
雷霆 prime 槍機,fulmin_prime_receiver
前紀 k6 遺物,meso_k6_relic
後紀 h7 遺物,axi_h7_relic
中紀 t7 遺物,neo_t7_relic
wisp prime 藍圖,wisp_prime_blueprint
卓越者優勢,eximus_advantage
變質彈匣,metamorphic_magazine
浮臺列嶼場景,dais_cay_scene
地窟冥郊場景,undercroft_outskirts_scene
小型列嶼場景,little_cay_scene
隕坑列嶼場景,crater_cay_scene
曲折群島場景,winding_isles_scene
盆地列嶼場景,basin_cay_scene
地窟禁衛營地場景,undercroft_dax_camp_scene
地窟小鎮場景,undercroft_township_scene
地窟月動球場景,undercroft_lunaro_scene
棱晶 歐瑪,prisma_ohma
古紀 l4 遺物,lith_l4_relic
地窟寄憩場景,undercroft_lodging_scene
後紀 d4 遺物,axi_d4_relic
前紀 f4 遺物,meso_f4_relic
中紀 b8 遺物,neo_b8_relic
古紀 m8 遺物,lith_m8_relic
古紀 o3 遺物,lith_o3_relic
古紀 g7 遺物,lith_g7_relic
前紀 n15 遺物,meso_n15_relic
前紀 z5 遺物,meso_z5_relic
後紀 p5 遺物,axi_p5_relic
後紀 a17 遺物,axi_a17_relic
後紀 l6 遺物,axi_l6_relic
後紀 g12 遺物,axi_g12_relic
後紀 g11 遺物,axi_g11_relic
中紀 d8 遺物,neo_d8_relic
中紀 k7 遺物,neo_k7_relic
中紀 k6 遺物,neo_k6_relic
中紀 s18 遺物,neo_s18_relic
中紀 z10 遺物,neo_z10_relic
前紀 w3 遺物,meso_w3_relic
前紀 c9 遺物,meso_c9_relic
前紀 p14 遺物,meso_p14_relic
前紀 b8 遺物,meso_b8_relic
前紀 m4 遺物,meso_m4_relic
古紀 n14 遺物,lith_n14_relic
古紀 t10 遺物,lith_t10_relic
古紀 c10 遺物,lith_c10_relic
古紀 r4 遺物,lith_r4_relic
古紀 g8 遺物,lith_g8_relic
grendel prime 一套,grendel_prime_set
grendel prime 藍圖,grendel_prime_blueprint
grendel prime 頭部神經光元 藍圖,grendel_prime_neuroptics_blueprint
grendel prime 機體 藍圖,grendel_prime_chassis_blueprint
grendel prime 系統 藍圖,grendel_prime_systems_blueprint
咀嚼金棒 prime 一套,masseter_prime_set
咀嚼金棒 prime 藍圖,masseter_prime_blueprint
咀嚼金棒 prime 刀刃,masseter_prime_blade
咀嚼金棒 prime 握柄,masseter_prime_handle
賽爾火槍 prime 一套,zylok_prime_set
賽爾火槍 prime 藍圖,zylok_prime_blueprint
賽爾火槍 prime 槍管,zylok_prime_barrel
賽爾火槍 prime 槍機,zylok_prime_receiver
催化護盾,catalyzing_shields
星繫鏈結,astral_bond
雙重鏈結,duplex_bond
堅韌鏈結,tenacious_bond
協同鏈結,tandem_bond
傳染鏈結,contagious_bond
神祕鏈結,mystic_bond
隱蔽鏈結,covert_bond
復甦鏈結,restorative_bond
重大鏈結,momentous_bond
陸空鏈結,aerial_bond
多層鏈結,manifold_bond
兇惡鏈結,vicious_bond
震撼鏈結,seismic_bond
強固鏈結,reinforced_bond
深淵信標,abyssal_beacon
戈伐 prime,gotva_prime
中紀 t8 遺物,neo_t8_relic
阿爾布雷希特的檔案庫場景,albrecht’s_archive_scene
阿爾布雷希特的辦事處場景,albrecht’s_bureau_scene
解剖聖堂場景,sanctum_anatomica_scene
碎語峽谷場景,fragmented_gorge_scene
解剖構造場景,fabrica_anatomica_scene
能量連結,energy_nexus
精準 聚精會神,precision_intensify
淨化喃喃者,cleanse_the_murmur
原子輻塵,atomic_fallout
寒顫觸染,shivering_contagion
滅亡喃喃者,bane_of_the_murmur
爆炸變異體,volatile_variant
輻射裝填,radiated_reload
驅逐喃喃者,expel_the_murmur
關鍵突變,critical_mutation
加速核種,accelerated_isotope
聚焦氡氣,focus_radon
完備斬鐵,ready_steel
xata 祈願,xata_invocation
vome 祈願,vome_invocation
ris 祈願,ris_invocation
netra 祈願,netra_invocation
lohk 詠歌,lohk_canticle
khra 詠歌,khra_canticle
jahu 詠歌,jahu_canticle
fass 詠歌,fass_canticle
機遇深遠,opportunitys_reach
狀態完善,conditions_perfection
大師造詣,masters_edge
夢迴威怒,dreamers_wrath
紀律工力,disciplines_merit
封鎖突破,containment_breach
毀滅喃喃者,smite_the_murmur
蓄能重劃 prime,primed_redirection
曼多重砲 一套,mandonel_set
曼多重砲 藍圖,mandonel_blueprint
曼多重砲 槍管,mandonel_barrel
曼多重砲 槍機,mandonel_receiver
曼多重砲 槍托,mandonel_stock
melee influence,melee_influence
melee retaliation,melee_retaliation
melee crescendo,melee_crescendo
近戰旋渦,melee_vortex
近戰敵意,melee_animosity
melee exposure,melee_exposure
melee duplicate,melee_duplicate
melee fortification,melee_fortification
痙攣 prime,primed_convulsion
gauss prime 一套,gauss_prime_set
gauss prime 藍圖,gauss_prime_blueprint
gauss prime 頭部神經光元 藍圖,gauss_prime_neuroptics_blueprint
gauss prime 機體 藍圖,gauss_prime_chassis_blueprint
gauss prime 系統 藍圖,gauss_prime_systems_blueprint
後紀 a18 遺物,axi_a18_relic
後紀 p6 遺物,axi_p6_relic
後紀 d5 遺物,axi_d5_relic
後紀 b7 遺物,axi_b7_relic
中紀 a11 遺物,neo_a11_relic
中紀 w1 遺物,neo_w1_relic
中紀 f3 遺物,neo_f3_relic
前紀 b9 遺物,meso_b9_relic
前紀 g6 遺物,meso_g6_relic
前紀 a5 遺物,meso_a5_relic
前紀 h6 遺物,meso_h6_relic
前紀 h5 遺物,meso_h5_relic
古紀 g10 遺物,lith_g10_relic
古紀 p8 遺物,lith_p8_relic
古紀 g9 遺物,lith_g9_relic
古紀 r5 遺物,lith_r5_relic
古紀 a6 遺物,lith_a6_relic
古紀 c11 遺物,lith_c11_relic
阿利烏雙槍 prime 一套,akarius_prime_set
阿利烏雙槍 prime 藍圖,akarius_prime_blueprint
阿利烏雙槍 prime 槍管,akarius_prime_barrel
阿利烏雙槍 prime 槍機,akarius_prime_receiver
阿利烏雙槍 prime 連接器,akarius_prime_link
迅發電漿炮 prime 一套,acceltra_prime_set
迅發電漿炮 prime 藍圖,acceltra_prime_blueprint
迅發電漿炮 prime 槍管,acceltra_prime_barrel
迅發電漿炮 prime 槍機,acceltra_prime_receiver
迅發電漿炮 prime 槍托,acceltra_prime_stock
夢迴牽絆,dreamers_bond
關鍵熔毀,critical_meltdown
後紀 v11 遺物,axi_v11_relic
後紀 c8 遺物,axi_c8_relic
中紀 p5 遺物,neo_p5_relic
前紀 c10 遺物,meso_c10_relic
前紀 a6 遺物,meso_a6_relic
古紀 g11 遺物,lith_g11_relic
古紀 t11 遺物,lith_t11_relic
dante 的退隱處場景,dantes_retreat_scene
遺棄的載體場景,the_abandoned_vessel_scene
忠實珊板,loyal_merulina
烏科之怒,wrath_of_ukko
巧躲報復,elusive_retribution
聖火懲戒,divine_retribution
傷敵誘餌,damage_decoy
寄生生命力,parasitic_vitality
衡鋒槍隊,axios_javelineers
再結晶簇,recrystalize
戰士之憩,warriors_rest
保衛護甲,guardian_armor
轉價形成,valence_formation
protea prime 一套,protea_prime_set
protea prime 藍圖,protea_prime_blueprint
protea prime 頭部神經光元 藍圖,protea_prime_neuroptics_blueprint
protea prime 機體 藍圖,protea_prime_chassis_blueprint
protea prime 系統 藍圖,protea_prime_systems_blueprint
後紀 b8 遺物,axi_b8_relic
後紀 f2 遺物,axi_f2_relic
後紀 p7 遺物,axi_p7_relic
中紀 m5 遺物,neo_m5_relic
中紀 a12 遺物,neo_a12_relic
中紀 p6 遺物,neo_p6_relic
中紀 o2 遺物,neo_o2_relic
前紀 w5 遺物,meso_w5_relic
前紀 w4 遺物,meso_w4_relic
前紀 g7 遺物,meso_g7_relic
前紀 v9 遺物,meso_v9_relic
古紀 t12 遺物,lith_t12_relic
古紀 p9 遺物,lith_p9_relic
迅敏屠夫 prime 一套,velox_prime_set
迅敏屠夫 prime 藍圖,velox_prime_blueprint
迅敏屠夫 prime 槍管,velox_prime_barrel
迅敏屠夫 prime 槍機,velox_prime_receiver
翁 prime 一套,okina_prime_set
翁 prime 藍圖,okina_prime_blueprint
翁 prime 握柄,okina_prime_handle
翁 prime 刀刃,okina_prime_blade
彈匣接替,clip_delegation
光子溢能,photon_overcharge
如意 藍圖,cinta_blueprint
冰暴賦能,arcane_ice_storm
次要遽湧,secondary_surge
電池賦能,arcane_battery
次要矯健,secondary_fortifier
舞廳幻影裝置,the_ballroom_simulacrum
堡壘幻影裝置,the_citadel_simulacrum
奧金蛟龍競技場幻影裝置,orowyrm_arena_simulacrum
聖堂幻影裝置,sanctum_simulacrum
zanuka 競技場幻影裝置,zanuka_arena_simulacrum
grineer 小行星幻影裝置,grineer_asteroid_simulacrum
orokin 遺跡幻影裝置,orokin_derelict_simulacrum
ambulas 競技場幻影裝置,ambulas_arena_simulacrum
血色面紗殿堂幻影裝置,red_veil_temple_simulacrum
月光庭院幻影裝置,moonlit_courtyard_simulacrum
霰彈元素士,shotgun_elementalist
半自動霰彈槍砲轟,shotgun_cannonade
步槍元素士,rifle_elementalist
半自動步槍砲轟,semi_rifle_cannonade
手槍元素士,pistol_elementalist
半自動手槍砲轟,semi_pistol_cannonade
近戰元素士,melee_elementalist
黑暗傳播,dark_propagation
時空火砲,temporal_artillery
魅影幽靈,spectral_spirit
破壞之牆,wrecking_wall
近戰苦態,melee_afflictions
雙重彈頭 prime,primed_dual_rounds
古紀 e1 遺物,lith_e1_relic
古紀 k11 遺物,lith_k11_relic
古紀 h10 遺物,lith_h10_relic
前紀 s14 遺物,meso_s14_relic
前紀 b10 遺物,meso_b10_relic
前紀 n16 遺物,meso_n16_relic
前紀 s13 遺物,meso_s13_relic
中紀 g5 遺物,neo_g5_relic
後紀 r4 遺物,axi_r4_relic
後紀 t11 遺物,axi_t11_relic
後紀 s15 遺物,axi_s15_relic
致命效率 prime,primed_deadly_efficiency
中紀 g6 遺物,neo_g6_relic
後紀 m5 遺物,axi_m5_relic
麥格努斯雙槍 prime 一套,akmagnus_prime_set
麥格努斯雙槍 prime 藍圖,akmagnus_prime_blueprint
麥格努斯雙槍 prime 連接器,akmagnus_prime_link
sevagoth prime 一套,sevagoth_prime_set
sevagoth prime 藍圖,sevagoth_prime_blueprint
sevagoth prime 頭部神經光元 藍圖,sevagoth_prime_neuroptics_blueprint
sevagoth prime 機體 藍圖,sevagoth_prime_chassis_blueprint
sevagoth prime 系統 藍圖,sevagoth_prime_systems_blueprint
後紀 s17 遺物,axi_s17_relic
後紀 s16 遺物,axi_s16_relic
後紀 o6 遺物,axi_o6_relic
中紀 p7 遺物,neo_p7_relic
中紀 b9 遺物,neo_b9_relic
中紀 z11 遺物,neo_z11_relic
中紀 g7 遺物,neo_g7_relic
中紀 a13 遺物,neo_a13_relic
中紀 e4 遺物,neo_e4_relic
前紀 f5 遺物,meso_f5_relic
前紀 a7 遺物,meso_a7_relic
前紀 h7 遺物,meso_h7_relic
前紀 n17 遺物,meso_n17_relic
古紀 g12 遺物,lith_g12_relic
古紀 n15 遺物,lith_n15_relic
古紀 w4 遺物,lith_w4_relic
古紀 c12 遺物,lith_c12_relic
墓悼者 prime 一套,epitaph_prime_set
墓悼者 prime 藍圖,epitaph_prime_blueprint
墓悼者 prime 槍管,epitaph_prime_barrel
墓悼者 prime 槍機,epitaph_prime_receiver
鸚鵡螺 prime 一套,nautilus_prime_set
鸚鵡螺 prime 藍圖,nautilus_prime_blueprint
鸚鵡螺 prime 頭部,nautilus_prime_cerebrum
鸚鵡螺 prime 外殼,nautilus_prime_carapace
鸚鵡螺 prime 系統,nautilus_prime_systems
熾灼憎恨,burning_hate
遁影恐懼,unseen_dread
dynar 的獵物,prey_of_dynar
神盾烈風,aegis_gale
線圈再充,coil_recharge
反芻噯氣,gastro
保護傘膛線,higasa_serration
天薙刀壓迫點,amanata_pressure
毒化爪子,sepsis_claws
烈燃爪子,burning_claws
電擊爪子,shocking_claws
急凍爪子,chilling_claws
針對天性,assassin_posture
暴狂天性,frenzied_posture
保衛天性,protector_posture
執著天性,persistent_posture
避戰天性,elusive_posture
均衡天性,balanced_posture
物資拾獵,resourceful_retriever
忠實拾獵,loyal_retriever
財富拾獵,prosperous_retriever
精確調控,precision_conditioning
免疫抵抗,immunity_resistance
磁力打擊,magnetic_strike
鳴鐘痛擊,bell_ringer
嗜血本性,bloodthirst
傷殘調控,disabling_conditioning
剷弱汰劣,cull_the_weak
野蠻調控,brute_conditioning
激昂斬鐵,galvanized_steel
激昂增幅,galvanized_reflex
激昂元素士,galvanized_elementalist
古紀 d6 遺物,lith_d6_relic
前紀 h8 遺物,meso_h8_relic
中紀 c5 遺物,neo_c5_relic
中紀 k8 遺物,neo_k8_relic
後紀 g13 遺物,axi_g13_relic
後紀 n11 遺物,axi_n11_relic
xaku prime 一套,xaku_prime_set
xaku prime 藍圖,xaku_prime_blueprint
xaku prime 頭部神經光元 藍圖,xaku_prime_neuroptics_blueprint
xaku prime 機體 藍圖,xaku_prime_chassis_blueprint
xaku prime 系統 藍圖,xaku_prime_systems_blueprint
創痍者 prime 一套,trumna_prime_set
創痍者 prime 藍圖,trumna_prime_blueprint
創痍者 prime 槍管,trumna_prime_barrel
創痍者 prime 槍機,trumna_prime_receiver
創痍者 prime 槍托,trumna_prime_stock
夸瑟 prime 一套,quassus_prime_set
夸瑟 prime 藍圖,quassus_prime_blueprint
夸瑟 prime 握柄,quassus_prime_handle
夸瑟 prime 刀刃,quassus_prime_blade
後紀 a19 遺物,axi_a19_relic
後紀 g14 遺物,axi_g14_relic
後紀 h8 遺物,axi_h8_relic
後紀 t12 遺物,axi_t12_relic
中紀 w2 遺物,neo_w2_relic
中紀 g8 遺物,neo_g8_relic
中紀 q1 遺物,neo_q1_relic
中紀 l4 遺物,neo_l4_relic
前紀 v10 遺物,meso_v10_relic
前紀 t7 遺物,meso_t7_relic
前紀 e6 遺物,meso_e6_relic
前紀 g8 遺物,meso_g8_relic
古紀 m9 遺物,lith_m9_relic
古紀 g13 遺物,lith_g13_relic
古紀 n16 遺物,lith_n16_relic
古紀 x1 遺物,lith_x1_relic
暮隱賦能,arcane_crepuscular
動力賦能,arcane_impetus
主要要害,primary_crux
次要削弱,secondary_enervate
近戰剽悍,melee_doughty
驟襲賦能,arcane_camisado
尋釁賦能,arcane_bellicose
霸道賦能,arcane_truculence
商場大圓頂幻影裝置,mall_rotunda_simulacrum
霍爾瓦尼亞庭院幻影裝置,höllvanian_courtyard_simulacrum
霍爾瓦尼亞露臺（夏）,höllvanian_terrace_in_summer
科巨電器,tech_titan_electronics_store
霍爾瓦尼亞交叉口（冬）,höllvanian_intersection_in_winter
霍爾瓦尼亞中央購物中心中捷運,höllvania_central_mall_subway
霍爾瓦尼亞公寓（夏）,höllvanian_tenements_in_summer
霍爾瓦尼亞歷史古區（春）,höllvanian_historic_quarter_in_spring
霍爾瓦尼亞舊城區（秋）,höllvanian_old_town_in_fall
軌道電玩館,orbit_arcade
中央購物中心密室,central_mall_backroom
磁擊瘀疤,magnetic_welt
磁力掃射,magnetic_strafe
氡氣爪子,radon_claws
磁力爪子,magnetic_claws
主要敏銳,primary_acuity
幽魅 膛線,spectral_serration
磁性載量,magnetic_capacity
手槍敏銳,pistol_acuity
冷酷交火,merciless_gunfight
磁氣猛攻,magnetic_rush
信賴情誼,worthy_comradery
召喚師盛怒,summoner’s_wrath
磁轉循環,magnetized_cycle
磁化核心,magnetized_core
偵察佐 一套,reconifex_set
偵察佐 槍管,reconifex_barrel
偵察佐 槍機,reconifex_receiver
偵察佐 槍托,reconifex_stock
威斯珀 77 一套,vesper_77_set
威斯珀 77 槍管,vesper_77_barrel
威斯珀 77 槍機,vesper_77_receiver
威斯珀 77 槍把,vesper_77_handle
席多 prime 一套,cedo_prime_set
席多 prime 藍圖,cedo_prime_blueprint
席多 prime 槍機,cedo_prime_receiver
席多 prime 槍管,cedo_prime_barrel
席多 prime 槍托,cedo_prime_stock
佐倫雙斧 prime 一套,dual_zoren_prime_set
佐倫雙斧 prime 藍圖,dual_zoren_prime_blueprint
佐倫雙斧 prime 握柄,dual_zoren_prime_handle
佐倫雙斧 prime 刀刃,dual_zoren_prime_blade
lavos prime 一套,lavos_prime_set
lavos prime 藍圖,lavos_prime_blueprint
lavos prime 頭部神經光元 藍圖,lavos_prime_neuroptics_blueprint
lavos prime 機體 藍圖,lavos_prime_chassis_blueprint
lavos prime 系統 藍圖,lavos_prime_systems_blueprint
後紀 p9 遺物,axi_p9_relic
後紀 m6 遺物,axi_m6_relic
後紀 z2 遺物,axi_z2_relic
後紀 f3 遺物,axi_f3_relic
後紀 p8 遺物,axi_p8_relic
中紀 d9 遺物,neo_d9_relic
中紀 t9 遺物,neo_t9_relic
中紀 x1 遺物,neo_x1_relic
中紀 c6 遺物,neo_c6_relic
前紀 a8 遺物,meso_a8_relic
古紀 s16 遺物,lith_s16_relic
古紀 a7 遺物,lith_a7_relic
古紀 q1 遺物,lith_q1_relic
古紀 l5 遺物,lith_l5_relic
前紀 p15 遺物,meso_p15_relic
生化彈頭,biotic_rounds
毒氣彈頭,leaded_gas
古紀 s17 遺物,lith_s17_relic
前紀 s15 遺物,meso_s15_relic
前紀 m5 遺物,meso_m5_relic
中紀 n19 遺物,neo_n19_relic
中紀 s19 遺物,neo_s19_relic
後紀 n12 遺物,axi_n12_relic
蠕蟲退散,worm_away
木馬追蹤者,trojan_tracker
軟全,soft_safe
防毒俠客,anti_v
資料正確,byteryte
保潔,keep_clean
掃碟者,drive_duster
資安警官,computer_cop
快速糾正,quick_correct
免疫護罩,immuno_shield
即時保護,instant_secure
威脅攔截,threat_blocker
極限保護,turbo_protect
技改細胞勾瘩體巨蛋,technocyte_coda_stadium_scene
災變之門,cataclysmic_gate
御神籤運,omikujis_fortune
電導旋球,conductive_sphere
融合核堝,fused_crucible
避劫賦能,arcane_escapist
暴炎賦能,arcane_hot_shot
擴散輻塵賦能,arcane_universal_fallout
暴動－848 一套,riot_848_set
暴動－848 槍管 藍圖,riot_848_barrel
暴動－848 槍機 藍圖,riot_848_receiver
暴動－848 槍托 藍圖,riot_848_stock
淨罪者－1 一套,purgator_1_set
淨罪者－1 槍管,purgator_1_barrel
淨罪者－1 槍機,purgator_1_receiver
淨罪者－1 槍托,purgator_1_stock
惡沸患－5 木星 一套,efv_5_jupiter_set
惡沸患－5 木星 槍管,efv_5_jupiter_barrel
惡沸患－5 木星 槍機,efv_5_jupiter_receiver
惡沸患－5 木星 槍托,efv_5_jupiter_stock
惡沸患－8 火星 一套,efv_8_mars_set
惡沸患－8 火星 槍管,efv_8_mars_barrel
惡沸患－8 火星 槍機,efv_8_mars_receiver
惡沸患－8 火星 槍托,efv_8_mars_stock
危邪雙鐮 一套,dual_viciss_set
危邪雙鐮 刀刃,dual_viciss_blade
危邪雙鐮 握柄,dual_viciss_hilt
穩定槍手 prime,primed_steady_hands
穩定 prime,primed_stabilizer
作用抵減 prime,primed_counterbalance
古紀 a8 遺物,lith_a8_relic
古紀 q2 遺物,lith_q2_relic
古紀 y1 遺物,lith_y1_relic
古紀 z4 遺物,lith_z4_relic
前紀 k7 遺物,meso_k7_relic
前紀 p16 遺物,meso_p16_relic
中紀 a14 遺物,neo_a14_relic
中紀 d10 遺物,neo_d10_relic
中紀 g9 遺物,neo_g9_relic
後紀 n13 遺物,axi_n13_relic
後紀 v12 遺物,axi_v12_relic
後紀 y1 遺物,axi_y1_relic
yareli prime 一套,yareli_prime_set
yareli prime 藍圖,yareli_prime_blueprint
yareli prime 頭部神經光元 藍圖,yareli_prime_neuroptics_blueprint
yareli prime 機體 藍圖,yareli_prime_chassis_blueprint
yareli prime 系統 藍圖,yareli_prime_systems_blueprint
大久和弓 prime 一套,daikyu_prime_set
大久和弓 prime 藍圖,daikyu_prime_blueprint
大久和弓 prime 下弓臂,daikyu_prime_lower_limb
大久和弓 prime 上弓臂,daikyu_prime_upper_limb
大久和弓 prime 弓身,daikyu_prime_grip
大久和弓 prime 弓弦,daikyu_prime_string
漮浦薩 prime 一套,kompressa_prime_set
漮浦薩 prime 藍圖,kompressa_prime_blueprint
漮浦薩 prime 槍管,kompressa_prime_barrel
漮浦薩 prime 槍機,kompressa_prime_reciever
後紀 c9 遺物,axi_c9_relic
霍爾瓦尼亞坍塌地下,höllvanian_collapsed_underground_scene
lavo 的遊樂區,lavos_playplace_scene
霍爾瓦尼亞捷運站場景,höllvanian_subway_junction_scene
古紀 t13 遺物,lith_t13_relic
古紀 a9 遺物,lith_a9_relic
前紀 r6 遺物,meso_r6_relic
中紀 p8 遺物,neo_p8_relic
後紀 b9 遺物,axi_b9_relic
前紀 t8 遺物,meso_t8_relic
古紀 m10 遺物,lith_m10_relic
痛點,pain_points
自發奇點,spontaneous_singularity
暴力復仇,volatile_recompense
分光同伴,prismatic_companion
疾鋒砲轟,razor_mortar
jade 之審判,jades_judgment
毀滅喃喃者 prime,primed_smite_the_murmur
八爪競技場場景,octopede_arena_scene
織島者雲嶼場景,isleweaver_cloud_islet_scene
織島者漂礁場景,isleweaver_drift_atoll_scene
學者臨地場景,scholars_landing_scene
渡域覲見室場景,duviri_throne_room_scene
至點廣場舞臺,solstice_square_stage_scene
kullervo 的拘禁處場景,kullervos_hold_scene
驅逐喃喃者 prime,primed_expel_the_murmur
淨化喃喃者 prime,primed_cleanse_the_murmur
caliban prime 一套,caliban_prime_set
caliban prime 藍圖,caliban_prime_blueprint
caliban prime 頭部神經光元 藍圖,caliban_prime_neuroptics_blueprint
caliban prime 機體 藍圖,caliban_prime_chassis_blueprint
caliban prime 系統 藍圖,caliban_prime_systems_blueprint
瓦達雅 prime 一套,vadarya_prime_set
瓦達雅 prime 藍圖,vadarya_prime_blueprint
瓦達雅 prime 槍管,vadarya_prime_barrel
瓦達雅 prime 槍機,vadarya_prime_receiver
瓦達雅 prime 槍托,vadarya_prime_stock
威拿托 prime 一套,venato_prime_set
威拿托 prime 藍圖,venato_prime_blueprint
威拿托 prime 刀刃,venato_prime_blade
威拿托 prime 握柄,venato_prime_handle
後紀 y2 遺物,axi_o7_relic
後紀 c10 遺物,axi_c10_relic
後紀 v13 遺物,axi_v13_relic
後紀 s18 遺物,axi_s18_relic
中紀 a15 遺物,neo_a15_relic
前紀 g9 遺物,meso_g9_relic
前紀 v12 遺物,meso_v12_relic
前紀 v11 遺物,meso_v11_relic
前紀 l3 遺物,meso_l3_relic
古紀 k12 遺物,lith_k12_relic
古紀 a10 遺物,lith_a10_relic
古紀 e2 遺物,lith_e2_relic
古紀 o4 遺物,lith_o4_relic
古紀 n17 遺物,lith_n17_relic
古紀 c13 遺物,lith_c13_relic
helminth 疾衝者 基因印記,helminth_charger_imprint
滅亡喃喃者 prime,primed_bane_of_the_murmur
殘留轉換,lingering_transmutation
超脫裂隙,untime_rift
神勇戰力,tharros_lethality
逆湧轉浪,reverse_rotorswell
阿耶檀識 chattraka 塑像,ayatan_chattraka_sculpture
深礦前線基地場景,deepmines_forward_base_scene
深礦場景,deepmines_scene
深礦洞窟場景,deepmines_caves_scene
深礦實驗室場景,deepmines_lab_scene
深礦營養廠場景,deepmines_nutrient_plant_scene
五運場景,five_fates_scene
《老師》道場場景,the_teacher_dojo_scene
《老師》地球場景,the_teacher_earth_scene
《老師》反應爐場景,the_teacher_reactor_scene
《老師》飛船場景,the_teacher_ship_scene
奇特結局,peculiar_end
驚駭絕殺,dreadful_killshot
後紀 s19 遺物,axi_s19_relic
後紀 w4 遺物,axi_w4_relic
中紀 h4 遺物,neo_h4_relic
前紀 g10 遺物,meso_g10_relic
古紀 f3 遺物,lith_f3_relic
古紀 l6 遺物,lith_l6_relic
噬血活力,necrophagic_vigor
gyre prime 一套,gyre_prime_set
gyre prime 藍圖,gyre_prime_blueprint
gyre prime 頭部神經光元 藍圖,gyre_prime_neuroptics_blueprint
gyre prime 機體 藍圖,gyre_prime_chassis_blueprint
gyre prime 系統 藍圖,gyre_prime_systems_blueprint
交電步槍 prime 一套,alternox_prime_set
交電步槍 prime 藍圖,alternox_prime_blueprint
交電步槍 prime 槍管,alternox_prime_barrel
交電步槍 prime 槍機,alternox_prime_receiver
交電步槍 prime 槍托,alternox_prime_stock
紅隼 prime 一套,kestrel_prime_set
紅隼 prime 藍圖,kestrel_prime_blueprint
紅隼 prime 握把,kestrel_prime_grip
紅隼 prime 刀刃,kestrel_prime_blade
後紀 t13 遺物,axi_t13_relic
後紀 a20 遺物,axi_a20_relic
中紀 t10 遺物,neo_t10_relic
中紀 o3 遺物,neo_o3_relic
中紀 c7 遺物,neo_c7_relic
中紀 p9 遺物,neo_p9_relic
中紀 k9 遺物,neo_k9_relic
前紀 x1 遺物,meso_x1_relic
前紀 a9 遺物,meso_a9_relic
前紀 y1 遺物,meso_y1_relic
前紀 v14 遺物,meso_v14_relic
前紀 p17 遺物,meso_p17_relic
前紀 v13 遺物,meso_v13_relic
古紀 g14 遺物,lith_g14_relic
古紀 n18 遺物,lith_n18_relic
古紀 d7 遺物,lith_d7_relic
堅毅賦能,arcane_persistence
純熟賦能,arcane_expertise
奪防賦能,arcane_circumvent
主要壁壘,primary_bulwark
主要超充,primary_overcharge
次要輻照,secondary_irradiate
主要衰化,primary_debilitate
專注賦能,arcane_concentration
近戰牽滯,melee_careen
凌厲尖刺,harrowing_spire
古紀 l7 遺物,lith_l7_relic
羅瑟的遺忘競技場,roathes_oblivion_arena
里昂的房間場景,lyons_room_scene
瑪麗的房間場景,maries_room_scene
大教堂場景,la_cathédrale_scene
博羅瞭望台場景,boro_overlook_scene
馬克沃斯防空砲場景,makvos_cannon_scene
種世者場景,world_seeder_scene
佩麗塔顯化場景,trauma_manifestation_arena
特納迪堡,fort_tennadis_scene
烏坎,ubri_kaneph
賽塔,sey_taph
拉瓦,lashta_vak
恩修,empazu_shol
梅倫,metem_erun
達仁,da_ren
烏修,ulashta_shol
希塔,sil_tabol
伊提,evir_ti
亞達,yar_dal
梅哈,metem_hakh
卡茲,kaal_zidi
維薩,vikla_safor
塔安,talsek_an
艾伊,esti_vel_ikha
霍卡,hok_kaal
翁伊,omn_evi
洛塔,lorun_tash
維安,vik_anam
哈達,hayan_dabor
先鋒 c1 遺物,vanguard_c1_relic
先鋒 p1 遺物,vanguard_p1_relic
先鋒 m1 遺物,vanguard_m1_relic
先鋒 e1 遺物,vanguard_e1_relic
惡毒彈匣 prime,primed_venomous_clip
茲賽,zid-an-sek-eel
茲艾,zid-an-asheir
茲烏,zid-an-uskos
茲哈,zid-an-haras
茲歐,zid-an-osbok
彈鏈 prime,primed_ammo_chain
